scraped_at_utc,full_address,vehicle_type,total_available,total_spaces_manual,capacity_est,occupied_est,occupancy_pct_est,booking_amount_label,price_daily_usd,price_weekly_usd,price_monthly_usd,reviews_count,review_rating
2026-07-15T19:40:14Z,"26542 LA-1032, Denham Springs, LA 70726",Bobtail / Box Truck,4,,4,0,0.0,,65.00,175.00,,0,
2026-07-15T21:18:17Z,"26542 LA-1032, Denham Springs, LA 70726",Bobtail / Box Truck,4,,4,0,0.0,,65.00,175.00,,0,
2026-07-15T22:16:52Z,"26542 LA-1032, Denham Springs, LA 70726",Bobtail / Box Truck,4,,4,0,0.0,,65.00,175.00,,0,
2026-07-15T23:15:57Z,"26542 LA-1032, Denham Springs, LA 70726",Bobtail / Box Truck,4,,4,0,0.0,,65.00,175.00,,0,
2026-07-16T00:13:06Z,"26542 LA-1032, Denham Springs, LA 70726",Bobtail / Box Truck,4,,4,0,0.0,,65.00,175.00,,0,
2026-07-16T03:43:11Z,"26542 LA-1032, Denham Springs, LA 70726",Bobtail / Box Truck,4,,4,0,0.0,,65.00,175.00,,0,
2026-07-16T06:35:16Z,"26542 LA-1032, Denham Springs, LA 70726",Bobtail / Box Truck,4,,4,0,0.0,,65.00,175.00,,0,
2026-07-16T09:32:21Z,"26542 LA-1032, Denham Springs, LA 70726",Bobtail / Box Truck,4,,4,0,0.0,,65.00,175.00,,0,
2026-07-16T11:55:45Z,"26542 LA-1032, Denham Springs, LA 70726",Bobtail / Box Truck,4,,4,0,0.0,,65.00,175.00,,0,
2026-07-16T14:27:22Z,"26542 LA-1032, Denham Springs, LA 70726",Bobtail / Box Truck,4,,4,0,0.0,,65.00,175.00,,0,
2026-07-16T16:44:58Z,"26542 LA-1032, Denham Springs, LA 70726",Bobtail / Box Truck,4,,4,0,0.0,,65.00,175.00,,0,
2026-07-16T18:34:59Z,"26542 LA-1032, Denham Springs, LA 70726",Bobtail / Box Truck,4,,4,0,0.0,,65.00,175.00,,0,
2026-07-16T20:14:13Z,"26542 LA-1032, Denham Springs, LA 70726",Bobtail / Box Truck,4,,4,0,0.0,,65.00,175.00,,0,
2026-07-16T21:28:02Z,"26542 LA-1032, Denham Springs, LA 70726",Bobtail / Box Truck,4,,4,0,0.0,,65.00,175.00,,0,
2026-07-16T23:13:52Z,"26542 LA-1032, Denham Springs, LA 70726",Bobtail / Box Truck,4,,4,0,0.0,,65.00,175.00,,0,
2026-07-17T00:15:21Z,"26542 LA-1032, Denham Springs, LA 70726",Bobtail / Box Truck,4,,4,0,0.0,,65.00,175.00,,0,
2026-07-17T03:42:45Z,"26542 LA-1032, Denham Springs, LA 70726",Bobtail / Box Truck,4,,4,0,0.0,,65.00,175.00,,0,
2026-07-17T06:31:09Z,"26542 LA-1032, Denham Springs, LA 70726",Bobtail / Box Truck,4,,4,0,0.0,,65.00,175.00,,0,
2026-07-17T09:23:30Z,"26542 LA-1032, Denham Springs, LA 70726",Bobtail / Box Truck,4,,4,0,0.0,,65.00,175.00,,0,
2026-07-17T11:44:14Z,"26542 LA-1032, Denham Springs, LA 70726",Bobtail / Box Truck,4,,4,0,0.0,,65.00,175.00,,0,
2026-07-17T14:07:02Z,"26542 LA-1032, Denham Springs, LA 70726",Bobtail / Box Truck,4,,4,0,0.0,,65.00,175.00,,0,
2026-07-17T15:47:37Z,"26542 LA-1032, Denham Springs, LA 70726",Bobtail / Box Truck,4,,4,0,0.0,,65.00,175.00,,0,
2026-07-17T17:33:29Z,"26542 LA-1032, Denham Springs, LA 70726",Bobtail / Box Truck,4,,4,0,0.0,,65.00,175.00,,0,
2026-07-17T19:36:14Z,"26542 LA-1032, Denham Springs, LA 70726",Bobtail / Box Truck,4,,4,0,0.0,,65.00,175.00,,0,
2026-07-17T21:11:04Z,"26542 LA-1032, Denham Springs, LA 70726",Bobtail / Box Truck,4,,4,0,0.0,,65.00,175.00,,0,
2026-07-17T22:08:55Z,"26542 LA-1032, Denham Springs, LA 70726",Bobtail / Box Truck,4,,4,0,0.0,,65.00,175.00,,0,
2026-07-17T23:11:20Z,"26542 LA-1032, Denham Springs, LA 70726",Bobtail / Box Truck,4,,4,0,0.0,,65.00,175.00,,0,
2026-07-18T00:12:31Z,"26542 LA-1032, Denham Springs, LA 70726",Bobtail / Box Truck,4,,4,0,0.0,,65.00,175.00,,0,
2026-07-18T03:38:14Z,"26542 LA-1032, Denham Springs, LA 70726",Bobtail / Box Truck,4,,4,0,0.0,,65.00,175.00,,0,
2026-07-18T06:23:32Z,"26542 LA-1032, Denham Springs, LA 70726",Bobtail / Box Truck,4,,4,0,0.0,,65.00,175.00,,0,
2026-07-18T09:02:04Z,"26542 LA-1032, Denham Springs, LA 70726",Bobtail / Box Truck,4,,4,0,0.0,,65.00,175.00,,0,
2026-07-18T10:43:11Z,"26542 LA-1032, Denham Springs, LA 70726",Bobtail / Box Truck,4,,4,0,0.0,,65.00,175.00,,0,
2026-07-18T12:07:57Z,"26542 LA-1032, Denham Springs, LA 70726",Bobtail / Box Truck,4,,4,0,0.0,,65.00,175.00,,0,
2026-07-18T13:53:30Z,"26542 LA-1032, Denham Springs, LA 70726",Bobtail / Box Truck,4,,4,0,0.0,,65.00,175.00,,0,
2026-07-18T15:17:41Z,"26542 LA-1032, Denham Springs, LA 70726",Bobtail / Box Truck,4,,4,0,0.0,,65.00,175.00,,0,
2026-07-18T16:13:38Z,"26542 LA-1032, Denham Springs, LA 70726",Bobtail / Box Truck,4,,4,0,0.0,,65.00,175.00,,0,
2026-07-18T17:25:16Z,"26542 LA-1032, Denham Springs, LA 70726",Bobtail / Box Truck,4,,4,0,0.0,,65.00,175.00,,0,
2026-07-18T19:36:05Z,"26542 LA-1032, Denham Springs, LA 70726",Bobtail / Box Truck,4,,4,0,0.0,,65.00,175.00,,0,
2026-07-18T21:08:29Z,"26542 LA-1032, Denham Springs, LA 70726",Bobtail / Box Truck,4,,4,0,0.0,,65.00,175.00,,0,
2026-07-18T22:10:08Z,"26542 LA-1032, Denham Springs, LA 70726",Bobtail / Box Truck,4,,4,0,0.0,,65.00,175.00,,0,
2026-07-18T23:13:56Z,"26542 LA-1032, Denham Springs, LA 70726",Bobtail / Box Truck,4,,4,0,0.0,,65.00,175.00,,0,
2026-07-19T00:12:51Z,"26542 LA-1032, Denham Springs, LA 70726",Bobtail / Box Truck,4,,4,0,0.0,,65.00,175.00,,0,
2026-07-19T04:00:06Z,"26542 LA-1032, Denham Springs, LA 70726",Bobtail / Box Truck,4,,4,0,0.0,,65.00,175.00,,0,
2026-07-19T06:44:54Z,"26542 LA-1032, Denham Springs, LA 70726",Bobtail / Box Truck,4,,4,0,0.0,,65.00,175.00,,0,
2026-07-19T09:21:24Z,"26542 LA-1032, Denham Springs, LA 70726",Bobtail / Box Truck,4,,4,0,0.0,,65.00,175.00,,0,
2026-07-19T10:47:52Z,"26542 LA-1032, Denham Springs, LA 70726",Bobtail / Box Truck,4,,4,0,0.0,,65.00,175.00,,0,
2026-07-19T12:08:17Z,"26542 LA-1032, Denham Springs, LA 70726",Bobtail / Box Truck,4,,4,0,0.0,,65.00,175.00,,0,
2026-07-19T13:56:51Z,"26542 LA-1032, Denham Springs, LA 70726",Bobtail / Box Truck,4,,4,0,0.0,,65.00,175.00,,0,
2026-07-19T15:26:18Z,"26542 LA-1032, Denham Springs, LA 70726",Bobtail / Box Truck,4,,4,0,0.0,,65.00,175.00,,0,
2026-07-19T17:27:27Z,"26542 LA-1032, Denham Springs, LA 70726",Bobtail / Box Truck,4,,4,0,0.0,,65.00,175.00,,0,
2026-07-19T19:36:11Z,"26542 LA-1032, Denham Springs, LA 70726",Bobtail / Box Truck,4,,4,0,0.0,,65.00,175.00,,0,
2026-07-19T21:10:05Z,"26542 LA-1032, Denham Springs, LA 70726",Bobtail / Box Truck,4,,4,0,0.0,,65.00,175.00,,0,
2026-07-19T22:11:42Z,"26542 LA-1032, Denham Springs, LA 70726",Bobtail / Box Truck,4,,4,0,0.0,,65.00,175.00,,0,
2026-07-19T23:14:47Z,"26542 LA-1032, Denham Springs, LA 70726",Bobtail / Box Truck,4,,4,0,0.0,,65.00,175.00,,0,
2026-07-20T00:15:31Z,"26542 LA-1032, Denham Springs, LA 70726",Bobtail / Box Truck,4,,4,0,0.0,,65.00,175.00,,0,
2026-07-20T04:09:24Z,"26542 LA-1032, Denham Springs, LA 70726",Bobtail / Box Truck,4,,4,0,0.0,,65.00,175.00,,0,
2026-07-20T07:35:45Z,"26542 LA-1032, Denham Springs, LA 70726",Bobtail / Box Truck,4,,4,0,0.0,,65.00,175.00,,0,
2026-07-20T11:16:45Z,"26542 LA-1032, Denham Springs, LA 70726",Bobtail / Box Truck,4,,4,0,0.0,,65.00,175.00,,0,
2026-07-20T13:19:55Z,"26542 LA-1032, Denham Springs, LA 70726",Bobtail / Box Truck,4,,4,0,0.0,,65.00,175.00,,0,
2026-07-20T15:23:39Z,"26542 LA-1032, Denham Springs, LA 70726",Bobtail / Box Truck,4,,4,0,0.0,,65.00,175.00,,0,
2026-07-20T18:24:10Z,"26542 LA-1032, Denham Springs, LA 70726",Bobtail / Box Truck,4,,4,0,0.0,,65.00,175.00,,0,
2026-07-20T20:44:05Z,"26542 LA-1032, Denham Springs, LA 70726",Bobtail / Box Truck,4,,4,0,0.0,,65.00,175.00,,0,
2026-07-20T22:16:17Z,"26542 LA-1032, Denham Springs, LA 70726",Bobtail / Box Truck,4,,4,0,0.0,,65.00,175.00,,0,
2026-07-20T23:26:41Z,"26542 LA-1032, Denham Springs, LA 70726",Bobtail / Box Truck,4,,4,0,0.0,,65.00,175.00,,0,
2026-07-21T03:51:14Z,"26542 LA-1032, Denham Springs, LA 70726",Bobtail / Box Truck,4,,4,0,0.0,,65.00,175.00,,0,
2026-07-21T06:44:03Z,"26542 LA-1032, Denham Springs, LA 70726",Bobtail / Box Truck,4,,4,0,0.0,,65.00,175.00,,0,
2026-07-21T09:43:51Z,"26542 LA-1032, Denham Springs, LA 70726",Bobtail / Box Truck,4,,4,0,0.0,,65.00,175.00,,0,
2026-07-21T12:02:53Z,"26542 LA-1032, Denham Springs, LA 70726",Bobtail / Box Truck,4,,4,0,0.0,,65.00,175.00,,0,
2026-07-21T14:28:17Z,"26542 LA-1032, Denham Springs, LA 70726",Bobtail / Box Truck,4,,4,0,0.0,,65.00,175.00,,0,
2026-07-21T16:48:40Z,"26542 LA-1032, Denham Springs, LA 70726",Bobtail / Box Truck,4,,4,0,0.0,,65.00,175.00,,0,
2026-07-21T18:43:34Z,"26542 LA-1032, Denham Springs, LA 70726",Bobtail / Box Truck,4,,4,0,0.0,,65.00,175.00,,0,
2026-07-21T20:38:18Z,"26542 LA-1032, Denham Springs, LA 70726",Bobtail / Box Truck,4,,4,0,0.0,,65.00,175.00,,0,
2026-07-21T22:14:13Z,"26542 LA-1032, Denham Springs, LA 70726",Bobtail / Box Truck,4,,4,0,0.0,,65.00,175.00,,0,
2026-07-21T23:15:07Z,"26542 LA-1032, Denham Springs, LA 70726",Bobtail / Box Truck,4,,4,0,0.0,,65.00,175.00,,0,
2026-07-22T00:11:13Z,"26542 LA-1032, Denham Springs, LA 70726",Bobtail / Box Truck,4,,4,0,0.0,,65.00,175.00,,0,
2026-07-22T03:51:37Z,"26542 LA-1032, Denham Springs, LA 70726",Bobtail / Box Truck,4,,4,0,0.0,,65.00,175.00,,0,
2026-07-22T06:44:57Z,"26542 LA-1032, Denham Springs, LA 70726",Bobtail / Box Truck,4,,4,0,0.0,,65.00,175.00,,0,
2026-07-22T09:42:18Z,"26542 LA-1032, Denham Springs, LA 70726",Bobtail / Box Truck,4,,4,0,0.0,,65.00,175.00,,0,
2026-07-22T12:08:01Z,"26542 LA-1032, Denham Springs, LA 70726",Bobtail / Box Truck,4,,4,0,0.0,,65.00,175.00,,0,
2026-07-22T14:29:26Z,"26542 LA-1032, Denham Springs, LA 70726",Bobtail / Box Truck,4,,4,0,0.0,,65.00,175.00,,0,
2026-07-22T16:52:19Z,"26542 LA-1032, Denham Springs, LA 70726",Bobtail / Box Truck,4,,4,0,0.0,,65.00,175.00,,0,
2026-07-22T18:36:45Z,"26542 LA-1032, Denham Springs, LA 70726",Bobtail / Box Truck,4,,4,0,0.0,,65.00,175.00,,0,
2026-07-22T20:34:02Z,"26542 LA-1032, Denham Springs, LA 70726",Bobtail / Box Truck,4,,4,0,0.0,,65.00,175.00,,0,
2026-07-22T22:28:03Z,"26542 LA-1032, Denham Springs, LA 70726",Bobtail / Box Truck,4,,4,0,0.0,,65.00,175.00,,0,
2026-07-23T00:15:53Z,"26542 LA-1032, Denham Springs, LA 70726",Bobtail / Box Truck,4,,4,0,0.0,,65.00,175.00,,0,
2026-07-23T03:49:15Z,"26542 LA-1032, Denham Springs, LA 70726",Bobtail / Box Truck,4,,4,0,0.0,,65.00,175.00,,0,
2026-07-23T06:42:33Z,"26542 LA-1032, Denham Springs, LA 70726",Bobtail / Box Truck,4,,4,0,0.0,,65.00,175.00,,0,
2026-07-23T09:41:27Z,"26542 LA-1032, Denham Springs, LA 70726",Bobtail / Box Truck,4,,4,0,0.0,,65.00,175.00,,0,
2026-07-23T12:05:24Z,"26542 LA-1032, Denham Springs, LA 70726",Bobtail / Box Truck,4,,4,0,0.0,,65.00,175.00,,0,
2026-07-23T14:37:08Z,"26542 LA-1032, Denham Springs, LA 70726",Bobtail / Box Truck,4,,4,0,0.0,,65.00,175.00,,0,
2026-07-23T16:50:02Z,"26542 LA-1032, Denham Springs, LA 70726",Bobtail / Box Truck,4,,4,0,0.0,,65.00,175.00,,0,
2026-07-23T18:40:08Z,"26542 LA-1032, Denham Springs, LA 70726",Bobtail / Box Truck,4,,4,0,0.0,,65.00,175.00,,0,
2026-07-23T20:32:46Z,"26542 LA-1032, Denham Springs, LA 70726",Bobtail / Box Truck,4,,4,0,0.0,,65.00,175.00,,0,
2026-07-23T22:17:52Z,"26542 LA-1032, Denham Springs, LA 70726",Bobtail / Box Truck,4,,4,0,0.0,,65.00,175.00,,0,
2026-07-23T23:15:07Z,"26542 LA-1032, Denham Springs, LA 70726",Bobtail / Box Truck,4,,4,0,0.0,,65.00,175.00,,0,
2026-07-24T00:14:03Z,"26542 LA-1032, Denham Springs, LA 70726",Bobtail / Box Truck,4,,4,0,0.0,,65.00,175.00,,0,
2026-07-24T03:49:07Z,"26542 LA-1032, Denham Springs, LA 70726",Bobtail / Box Truck,4,,4,0,0.0,,65.00,175.00,,0,
2026-07-24T06:42:09Z,"26542 LA-1032, Denham Springs, LA 70726",Bobtail / Box Truck,4,,4,0,0.0,,65.00,175.00,,0,
2026-07-24T09:38:49Z,"26542 LA-1032, Denham Springs, LA 70726",Bobtail / Box Truck,4,,4,0,0.0,,65.00,175.00,,0,
2026-07-24T11:57:29Z,"26542 LA-1032, Denham Springs, LA 70726",Bobtail / Box Truck,4,,4,0,0.0,,65.00,175.00,,0,
2026-07-24T14:16:44Z,"26542 LA-1032, Denham Springs, LA 70726",Bobtail / Box Truck,4,,4,0,0.0,,65.00,175.00,,0,
2026-07-24T15:48:17Z,"26542 LA-1032, Denham Springs, LA 70726",Bobtail / Box Truck,4,,4,0,0.0,,65.00,175.00,,0,
2026-07-24T17:55:00Z,"26542 LA-1032, Denham Springs, LA 70726",Bobtail / Box Truck,4,,4,0,0.0,,65.00,175.00,,0,
2026-07-24T19:50:41Z,"26542 LA-1032, Denham Springs, LA 70726",Bobtail / Box Truck,4,,4,0,0.0,,65.00,175.00,,0,
2026-07-24T21:31:53Z,"26542 LA-1032, Denham Springs, LA 70726",Bobtail / Box Truck,4,,4,0,0.0,,65.00,175.00,,0,
2026-07-24T23:27:55Z,"26542 LA-1032, Denham Springs, LA 70726",Bobtail / Box Truck,4,,4,0,0.0,,65.00,175.00,,0,
2026-07-25T03:43:10Z,"26542 LA-1032, Denham Springs, LA 70726",Bobtail / Box Truck,4,,4,0,0.0,,65.00,175.00,,0,
2026-07-25T06:32:04Z,"26542 LA-1032, Denham Springs, LA 70726",Bobtail / Box Truck,4,,4,0,0.0,,65.00,175.00,,0,
2026-07-25T09:14:18Z,"26542 LA-1032, Denham Springs, LA 70726",Bobtail / Box Truck,4,,4,0,0.0,,65.00,175.00,,0,
2026-07-25T10:47:23Z,"26542 LA-1032, Denham Springs, LA 70726",Bobtail / Box Truck,4,,4,0,0.0,,65.00,175.00,,0,
2026-07-25T12:12:02Z,"26542 LA-1032, Denham Springs, LA 70726",Bobtail / Box Truck,4,,4,0,0.0,,65.00,175.00,,0,
2026-07-25T14:05:46Z,"26542 LA-1032, Denham Springs, LA 70726",Bobtail / Box Truck,4,,4,0,0.0,,65.00,175.00,,0,
2026-07-25T15:31:48Z,"26542 LA-1032, Denham Springs, LA 70726",Bobtail / Box Truck,4,,4,0,0.0,,65.00,175.00,,0,
2026-07-25T17:25:46Z,"26542 LA-1032, Denham Springs, LA 70726",Bobtail / Box Truck,4,,4,0,0.0,,65.00,175.00,,0,
2026-07-25T19:38:07Z,"26542 LA-1032, Denham Springs, LA 70726",Bobtail / Box Truck,4,,4,0,0.0,,65.00,175.00,,0,
2026-07-25T21:11:20Z,"26542 LA-1032, Denham Springs, LA 70726",Bobtail / Box Truck,4,,4,0,0.0,,65.00,175.00,,0,
2026-07-25T22:13:11Z,"26542 LA-1032, Denham Springs, LA 70726",Bobtail / Box Truck,4,,4,0,0.0,,65.00,175.00,,0,
2026-07-25T23:16:00Z,"26542 LA-1032, Denham Springs, LA 70726",Bobtail / Box Truck,4,,4,0,0.0,,65.00,175.00,,0,
2026-07-26T00:16:38Z,"26542 LA-1032, Denham Springs, LA 70726",Bobtail / Box Truck,4,,4,0,0.0,,65.00,175.00,,0,
2026-07-26T04:01:36Z,"26542 LA-1032, Denham Springs, LA 70726",Bobtail / Box Truck,4,,4,0,0.0,,65.00,175.00,,0,
2026-07-26T07:07:05Z,"26542 LA-1032, Denham Springs, LA 70726",Bobtail / Box Truck,4,,4,0,0.0,,65.00,175.00,,0,
2026-07-26T09:26:38Z,"26542 LA-1032, Denham Springs, LA 70726",Bobtail / Box Truck,4,,4,0,0.0,,65.00,175.00,,0,
2026-07-26T11:39:23Z,"26542 LA-1032, Denham Springs, LA 70726",Bobtail / Box Truck,4,,4,0,0.0,,65.00,175.00,,0,
2026-07-26T14:02:34Z,"26542 LA-1032, Denham Springs, LA 70726",Bobtail / Box Truck,4,,4,0,0.0,,65.00,175.00,,0,
2026-07-26T15:33:24Z,"26542 LA-1032, Denham Springs, LA 70726",Bobtail / Box Truck,4,,4,0,0.0,,65.00,175.00,,0,
2026-07-26T17:28:09Z,"26542 LA-1032, Denham Springs, LA 70726",Bobtail / Box Truck,4,,4,0,0.0,,65.00,175.00,,0,
2026-07-26T19:39:33Z,"26542 LA-1032, Denham Springs, LA 70726",Bobtail / Box Truck,4,,4,0,0.0,,65.00,175.00,,0,
2026-07-26T21:14:04Z,"26542 LA-1032, Denham Springs, LA 70726",Bobtail / Box Truck,4,,4,0,0.0,,65.00,175.00,,0,
2026-07-26T22:15:44Z,"26542 LA-1032, Denham Springs, LA 70726",Bobtail / Box Truck,4,,4,0,0.0,,65.00,175.00,,0,
2026-07-26T23:15:42Z,"26542 LA-1032, Denham Springs, LA 70726",Bobtail / Box Truck,4,,4,0,0.0,,65.00,175.00,,0,
2026-07-27T00:16:17Z,"26542 LA-1032, Denham Springs, LA 70726",Bobtail / Box Truck,4,,4,0,0.0,,65.00,175.00,,0,
2026-07-27T04:08:18Z,"26542 LA-1032, Denham Springs, LA 70726",Bobtail / Box Truck,4,,4,0,0.0,,65.00,175.00,,0,
2026-07-27T07:56:27Z,"26542 LA-1032, Denham Springs, LA 70726",Bobtail / Box Truck,4,,4,0,0.0,,65.00,175.00,,0,
2026-07-27T11:44:56Z,"26542 LA-1032, Denham Springs, LA 70726",Bobtail / Box Truck,4,,4,0,0.0,,65.00,175.00,,0,
2026-07-27T15:18:02Z,"26542 LA-1032, Denham Springs, LA 70726",Bobtail / Box Truck,4,,4,0,0.0,,65.00,175.00,,0,
2026-07-27T17:12:38Z,"26542 LA-1032, Denham Springs, LA 70726",Bobtail / Box Truck,4,,4,0,0.0,,65.00,175.00,,0,
2026-07-27T18:50:46Z,"26542 LA-1032, Denham Springs, LA 70726",Bobtail / Box Truck,4,,4,0,0.0,,65.00,175.00,,0,
2026-07-27T20:46:46Z,"26542 LA-1032, Denham Springs, LA 70726",Bobtail / Box Truck,4,,4,0,0.0,,65.00,175.00,,0,
2026-07-27T22:29:36Z,"26542 LA-1032, Denham Springs, LA 70726",Bobtail / Box Truck,4,,4,0,0.0,,65.00,175.00,,0,
2026-07-28T00:13:29Z,"26542 LA-1032, Denham Springs, LA 70726",Bobtail / Box Truck,4,,4,0,0.0,,65.00,175.00,,0,
2026-07-28T03:42:16Z,"26542 LA-1032, Denham Springs, LA 70726",Bobtail / Box Truck,4,,4,0,0.0,,65.00,175.00,,0,
2026-07-28T06:44:39Z,"26542 LA-1032, Denham Springs, LA 70726",Bobtail / Box Truck,4,,4,0,0.0,,65.00,175.00,,0,
2026-07-28T09:58:56Z,"26542 LA-1032, Denham Springs, LA 70726",Bobtail / Box Truck,4,,4,0,0.0,,65.00,175.00,,0,
2026-07-28T12:16:25Z,"26542 LA-1032, Denham Springs, LA 70726",Bobtail / Box Truck,4,,4,0,0.0,,65.00,175.00,,0,
2026-07-28T14:43:42Z,"26542 LA-1032, Denham Springs, LA 70726",Bobtail / Box Truck,4,,4,0,0.0,,65.00,175.00,,0,
2026-07-28T16:53:54Z,"26542 LA-1032, Denham Springs, LA 70726",Bobtail / Box Truck,4,,4,0,0.0,,65.00,175.00,,0,
2026-07-28T18:50:30Z,"26542 LA-1032, Denham Springs, LA 70726",Bobtail / Box Truck,4,,4,0,0.0,,65.00,175.00,,0,
2026-07-28T20:36:34Z,"26542 LA-1032, Denham Springs, LA 70726",Bobtail / Box Truck,4,,4,0,0.0,,65.00,175.00,,0,
2026-07-28T22:27:46Z,"26542 LA-1032, Denham Springs, LA 70726",Bobtail / Box Truck,4,,4,0,0.0,,65.00,175.00,,0,
2026-07-29T00:13:15Z,"26542 LA-1032, Denham Springs, LA 70726",Bobtail / Box Truck,4,,4,0,0.0,,65.00,175.00,,0,
2026-07-29T03:45:28Z,"26542 LA-1032, Denham Springs, LA 70726",Bobtail / Box Truck,4,,4,0,0.0,,65.00,175.00,,0,
2026-07-29T07:07:47Z,"26542 LA-1032, Denham Springs, LA 70726",Bobtail / Box Truck,4,,4,0,0.0,,65.00,175.00,,0,
2026-07-29T10:00:33Z,"26542 LA-1032, Denham Springs, LA 70726",Bobtail / Box Truck,4,,4,0,0.0,,65.00,175.00,,0,
2026-07-29T12:24:41Z,"26542 LA-1032, Denham Springs, LA 70726",Bobtail / Box Truck,4,,4,0,0.0,,65.00,175.00,,0,
2026-07-29T15:22:41Z,"26542 LA-1032, Denham Springs, LA 70726",Bobtail / Box Truck,4,,4,0,0.0,,65.00,175.00,,0,
2026-07-29T16:44:05Z,"26542 LA-1032, Denham Springs, LA 70726",Bobtail / Box Truck,4,,4,0,0.0,,65.00,175.00,,0,
2026-07-29T18:16:13Z,"26542 LA-1032, Denham Springs, LA 70726",Bobtail / Box Truck,4,,4,0,0.0,,65.00,175.00,,0,
2026-07-29T19:48:14Z,"26542 LA-1032, Denham Springs, LA 70726",Bobtail / Box Truck,4,,4,0,0.0,,65.00,175.00,,0,
2026-07-29T21:14:53Z,"26542 LA-1032, Denham Springs, LA 70726",Bobtail / Box Truck,4,,4,0,0.0,,65.00,175.00,,0,
2026-07-29T22:16:16Z,"26542 LA-1032, Denham Springs, LA 70726",Bobtail / Box Truck,4,,4,0,0.0,,65.00,175.00,,0,
2026-07-29T23:17:51Z,"26542 LA-1032, Denham Springs, LA 70726",Bobtail / Box Truck,4,,4,0,0.0,,65.00,175.00,,0,
2026-07-30T00:14:15Z,"26542 LA-1032, Denham Springs, LA 70726",Bobtail / Box Truck,4,,4,0,0.0,,65.00,175.00,,0,
2026-07-30T03:36:22Z,"26542 LA-1032, Denham Springs, LA 70726",Bobtail / Box Truck,4,,4,0,0.0,,65.00,175.00,,0,
2026-07-30T06:45:12Z,"26542 LA-1032, Denham Springs, LA 70726",Bobtail / Box Truck,4,,4,0,0.0,,65.00,175.00,,0,
2026-07-30T09:46:01Z,"26542 LA-1032, Denham Springs, LA 70726",Bobtail / Box Truck,4,,4,0,0.0,,65.00,175.00,,0,
2026-07-30T12:07:47Z,"26542 LA-1032, Denham Springs, LA 70726",Bobtail / Box Truck,4,,4,0,0.0,,65.00,175.00,,0,
2026-07-30T14:36:56Z,"26542 LA-1032, Denham Springs, LA 70726",Bobtail / Box Truck,4,,4,0,0.0,,65.00,175.00,,0,
2026-07-30T16:52:50Z,"26542 LA-1032, Denham Springs, LA 70726",Bobtail / Box Truck,4,,4,0,0.0,,65.00,175.00,,0,
2026-07-30T18:50:42Z,"26542 LA-1032, Denham Springs, LA 70726",Bobtail / Box Truck,4,,4,0,0.0,,65.00,175.00,,0,
2026-07-30T20:37:18Z,"26542 LA-1032, Denham Springs, LA 70726",Bobtail / Box Truck,4,,4,0,0.0,,65.00,175.00,,0,
2026-07-30T22:30:05Z,"26542 LA-1032, Denham Springs, LA 70726",Bobtail / Box Truck,4,,4,0,0.0,,65.00,175.00,,0,
2026-07-31T00:17:29Z,"26542 LA-1032, Denham Springs, LA 70726",Bobtail / Box Truck,4,,4,0,0.0,,65.00,175.00,,0,
2026-07-31T03:55:22Z,"26542 LA-1032, Denham Springs, LA 70726",Bobtail / Box Truck,4,,4,0,0.0,,65.00,175.00,,0,
2026-07-31T07:18:24Z,"26542 LA-1032, Denham Springs, LA 70726",Bobtail / Box Truck,4,,4,0,0.0,,65.00,175.00,,0,
2026-07-31T10:00:54Z,"26542 LA-1032, Denham Springs, LA 70726",Bobtail / Box Truck,4,,4,0,0.0,,65.00,175.00,,0,
2026-07-31T12:21:14Z,"26542 LA-1032, Denham Springs, LA 70726",Bobtail / Box Truck,4,,4,0,0.0,,65.00,175.00,,0,
2026-07-31T14:42:15Z,"26542 LA-1032, Denham Springs, LA 70726",Bobtail / Box Truck,4,,4,0,0.0,,65.00,175.00,,0,
2026-07-31T16:59:05Z,"26542 LA-1032, Denham Springs, LA 70726",Bobtail / Box Truck,4,,4,0,0.0,,65.00,175.00,,0,
2026-07-31T18:48:10Z,"26542 LA-1032, Denham Springs, LA 70726",Bobtail / Box Truck,4,,4,0,0.0,,65.00,175.00,,0,
2026-07-31T20:37:48Z,"26542 LA-1032, Denham Springs, LA 70726",Bobtail / Box Truck,4,,4,0,0.0,,65.00,175.00,,0,
2026-07-31T22:17:25Z,"26542 LA-1032, Denham Springs, LA 70726",Bobtail / Box Truck,4,,4,0,0.0,,65.00,175.00,,0,
2026-07-31T23:26:14Z,"26542 LA-1032, Denham Springs, LA 70726",Bobtail / Box Truck,4,,4,0,0.0,,65.00,175.00,,0,
2026-08-01T03:55:44Z,"26542 LA-1032, Denham Springs, LA 70726",Bobtail / Box Truck,4,,4,0,0.0,,65.00,175.00,,0,
2026-08-01T06:43:06Z,"26542 LA-1032, Denham Springs, LA 70726",Bobtail / Box Truck,4,,4,0,0.0,,65.00,175.00,,0,
2026-08-01T09:26:16Z,"26542 LA-1032, Denham Springs, LA 70726",Bobtail / Box Truck,4,,4,0,0.0,,65.00,175.00,,0,
2026-08-01T11:36:24Z,"26542 LA-1032, Denham Springs, LA 70726",Bobtail / Box Truck,4,,4,0,0.0,,65.00,175.00,,0,
2026-08-01T14:02:00Z,"26542 LA-1032, Denham Springs, LA 70726",Bobtail / Box Truck,4,,4,0,0.0,,65.00,175.00,,0,
2026-08-01T15:31:05Z,"26542 LA-1032, Denham Springs, LA 70726",Bobtail / Box Truck,4,,4,0,0.0,,65.00,175.00,,0,
2026-08-01T17:26:28Z,"26542 LA-1032, Denham Springs, LA 70726",Bobtail / Box Truck,4,,4,0,0.0,,65.00,175.00,,0,
2026-08-01T19:37:59Z,"26542 LA-1032, Denham Springs, LA 70726",Bobtail / Box Truck,4,,4,0,0.0,,65.00,175.00,,0,
2026-08-01T21:12:04Z,"26542 LA-1032, Denham Springs, LA 70726",Bobtail / Box Truck,4,,4,0,0.0,,65.00,175.00,,0,
2026-08-01T22:13:58Z,"26542 LA-1032, Denham Springs, LA 70726",Bobtail / Box Truck,4,,4,0,0.0,,65.00,175.00,,0,
2026-08-01T23:14:59Z,"26542 LA-1032, Denham Springs, LA 70726",Bobtail / Box Truck,4,,4,0,0.0,,65.00,175.00,,0,
2026-08-02T00:15:45Z,"26542 LA-1032, Denham Springs, LA 70726",Bobtail / Box Truck,4,,4,0,0.0,,65.00,175.00,,0,
2026-08-02T03:58:50Z,"26542 LA-1032, Denham Springs, LA 70726",Bobtail / Box Truck,4,,4,0,0.0,,65.00,175.00,,0,
2026-08-02T07:03:25Z,"26542 LA-1032, Denham Springs, LA 70726",Bobtail / Box Truck,4,,4,0,0.0,,65.00,175.00,,0,
2026-08-02T09:24:49Z,"26542 LA-1032, Denham Springs, LA 70726",Bobtail / Box Truck,4,,4,0,0.0,,65.00,175.00,,0,
2026-08-02T11:37:31Z,"26542 LA-1032, Denham Springs, LA 70726",Bobtail / Box Truck,4,,4,0,0.0,,65.00,175.00,,0,
2026-08-02T14:02:25Z,"26542 LA-1032, Denham Springs, LA 70726",Bobtail / Box Truck,4,,4,0,0.0,,65.00,175.00,,0,
2026-08-02T15:31:20Z,"26542 LA-1032, Denham Springs, LA 70726",Bobtail / Box Truck,4,,4,0,0.0,,65.00,175.00,,0,
2026-08-02T17:27:07Z,"26542 LA-1032, Denham Springs, LA 70726",Bobtail / Box Truck,4,,4,0,0.0,,65.00,175.00,,0,
2026-08-02T19:38:32Z,"26542 LA-1032, Denham Springs, LA 70726",Bobtail / Box Truck,4,,4,0,0.0,,65.00,175.00,,0,
2026-08-02T21:12:43Z,"26542 LA-1032, Denham Springs, LA 70726",Bobtail / Box Truck,4,,4,0,0.0,,65.00,175.00,,0,
2026-08-02T22:13:09Z,"26542 LA-1032, Denham Springs, LA 70726",Bobtail / Box Truck,4,,4,0,0.0,,65.00,175.00,,0,
2026-08-02T23:15:47Z,"26542 LA-1032, Denham Springs, LA 70726",Bobtail / Box Truck,4,,4,0,0.0,,65.00,175.00,,0,
2026-08-03T00:16:01Z,"26542 LA-1032, Denham Springs, LA 70726",Bobtail / Box Truck,4,,4,0,0.0,,65.00,175.00,,0,
2026-08-03T04:00:57Z,"26542 LA-1032, Denham Springs, LA 70726",Bobtail / Box Truck,4,,4,0,0.0,,65.00,175.00,,0,
2026-08-03T07:51:31Z,"26542 LA-1032, Denham Springs, LA 70726",Bobtail / Box Truck,4,,4,0,0.0,,65.00,175.00,,0,
2026-08-03T11:49:07Z,"26542 LA-1032, Denham Springs, LA 70726",Bobtail / Box Truck,4,,4,0,0.0,,65.00,175.00,,0,
2026-08-03T15:21:06Z,"26542 LA-1032, Denham Springs, LA 70726",Bobtail / Box Truck,4,,4,0,0.0,,65.00,175.00,,0,
2026-08-03T17:21:48Z,"26542 LA-1032, Denham Springs, LA 70726",Bobtail / Box Truck,4,,4,0,0.0,,15.00,65.00,150.00,0,
2026-08-03T18:59:59Z,"26542 LA-1032, Denham Springs, LA 70726",Bobtail / Box Truck,4,,4,0,0.0,,15.00,65.00,150.00,0,
2026-08-03T20:40:08Z,"26542 LA-1032, Denham Springs, LA 70726",Bobtail / Box Truck,4,,4,0,0.0,,15.00,65.00,150.00,0,
2026-08-03T22:29:15Z,"26542 LA-1032, Denham Springs, LA 70726",Bobtail / Box Truck,4,,4,0,0.0,,15.00,65.00,150.00,0,
2026-08-04T00:17:26Z,"26542 LA-1032, Denham Springs, LA 70726",Bobtail / Box Truck,4,,4,0,0.0,,15.00,65.00,150.00,0,
2026-08-04T03:42:58Z,"26542 LA-1032, Denham Springs, LA 70726",Bobtail / Box Truck,4,,4,0,0.0,,15.00,65.00,150.00,0,
2026-08-04T06:44:22Z,"26542 LA-1032, Denham Springs, LA 70726",Bobtail / Box Truck,4,,4,0,0.0,,15.00,65.00,150.00,0,
2026-08-04T10:02:09Z,"26542 LA-1032, Denham Springs, LA 70726",Bobtail / Box Truck,4,,4,0,0.0,,15.00,65.00,150.00,0,
2026-08-04T12:21:15Z,"26542 LA-1032, Denham Springs, LA 70726",Bobtail / Box Truck,4,,4,0,0.0,,15.00,65.00,150.00,0,
2026-08-04T14:45:19Z,"26542 LA-1032, Denham Springs, LA 70726",Bobtail / Box Truck,4,,4,0,0.0,,15.00,65.00,150.00,0,
2026-08-04T17:07:54Z,"26542 LA-1032, Denham Springs, LA 70726",Bobtail / Box Truck,4,,4,0,0.0,,15.00,65.00,150.00,0,
2026-08-04T18:58:07Z,"26542 LA-1032, Denham Springs, LA 70726",Bobtail / Box Truck,4,,4,0,0.0,,15.00,65.00,150.00,0,
2026-08-04T20:45:48Z,"26542 LA-1032, Denham Springs, LA 70726",Bobtail / Box Truck,4,,4,0,0.0,,15.00,65.00,150.00,0,
2026-08-04T22:31:17Z,"26542 LA-1032, Denham Springs, LA 70726",Bobtail / Box Truck,4,,4,0,0.0,,15.00,65.00,150.00,0,
2026-08-05T00:16:40Z,"26542 LA-1032, Denham Springs, LA 70726",Bobtail / Box Truck,4,,4,0,0.0,,15.00,65.00,150.00,0,
2026-08-05T03:39:46Z,"26542 LA-1032, Denham Springs, LA 70726",Bobtail / Box Truck,4,,4,0,0.0,,15.00,65.00,150.00,0,
2026-08-05T06:46:14Z,"26542 LA-1032, Denham Springs, LA 70726",Bobtail / Box Truck,4,,4,0,0.0,,15.00,65.00,150.00,0,
2026-08-05T10:00:13Z,"26542 LA-1032, Denham Springs, LA 70726",Bobtail / Box Truck,4,,4,0,0.0,,15.00,65.00,150.00,0,
2026-08-05T12:19:33Z,"26542 LA-1032, Denham Springs, LA 70726",Bobtail / Box Truck,4,,4,0,0.0,,15.00,65.00,150.00,0,
2026-08-05T14:40:06Z,"26542 LA-1032, Denham Springs, LA 70726",Bobtail / Box Truck,4,,4,0,0.0,,15.00,65.00,150.00,0,
2026-08-05T16:54:45Z,"26542 LA-1032, Denham Springs, LA 70726",Bobtail / Box Truck,4,,4,0,0.0,,15.00,65.00,150.00,0,
2026-08-05T18:57:10Z,"26542 LA-1032, Denham Springs, LA 70726",Bobtail / Box Truck,4,,4,0,0.0,,15.00,65.00,150.00,0,
2026-08-05T20:40:52Z,"26542 LA-1032, Denham Springs, LA 70726",Bobtail / Box Truck,4,,4,0,0.0,,15.00,65.00,150.00,0,
2026-08-05T22:29:55Z,"26542 LA-1032, Denham Springs, LA 70726",Bobtail / Box Truck,4,,4,0,0.0,,15.00,65.00,150.00,0,
2026-08-06T00:13:04Z,"26542 LA-1032, Denham Springs, LA 70726",Bobtail / Box Truck,4,,4,0,0.0,,15.00,65.00,150.00,0,
2026-08-06T03:45:10Z,"26542 LA-1032, Denham Springs, LA 70726",Bobtail / Box Truck,4,,4,0,0.0,,15.00,65.00,150.00,0,
2026-08-06T07:07:03Z,"26542 LA-1032, Denham Springs, LA 70726",Bobtail / Box Truck,4,,4,0,0.0,,15.00,65.00,150.00,0,
2026-08-06T10:02:42Z,"26542 LA-1032, Denham Springs, LA 70726",Bobtail / Box Truck,4,,4,0,0.0,,15.00,65.00,150.00,0,
2026-08-06T12:21:55Z,"26542 LA-1032, Denham Springs, LA 70726",Bobtail / Box Truck,4,,4,0,0.0,,15.00,65.00,150.00,0,
2026-08-06T14:41:23Z,"26542 LA-1032, Denham Springs, LA 70726",Bobtail / Box Truck,4,,4,0,0.0,,15.00,65.00,150.00,0,
2026-08-07T00:44:45Z,"26542 LA-1032, Denham Springs, LA 70726",Bobtail / Box Truck,4,,4,0,0.0,,15.00,65.00,150.00,0,
2026-08-07T04:04:32Z,"26542 LA-1032, Denham Springs, LA 70726",Bobtail / Box Truck,4,,4,0,0.0,,15.00,65.00,150.00,0,
2026-08-07T05:53:17Z,"26542 LA-1032, Denham Springs, LA 70726",Bobtail / Box Truck,4,,4,0,0.0,,15.00,65.00,150.00,0,
2026-08-07T07:47:19Z,"26542 LA-1032, Denham Springs, LA 70726",Bobtail / Box Truck,4,,4,0,0.0,,15.00,65.00,150.00,0,
2026-08-07T09:26:56Z,"26542 LA-1032, Denham Springs, LA 70726",Bobtail / Box Truck,4,,4,0,0.0,,15.00,65.00,150.00,0,
2026-08-07T11:11:00Z,"26542 LA-1032, Denham Springs, LA 70726",Bobtail / Box Truck,4,,4,0,0.0,,15.00,65.00,150.00,0,
2026-08-07T12:00:48Z,"26542 LA-1032, Denham Springs, LA 70726",Bobtail / Box Truck,4,,4,0,0.0,,15.00,65.00,150.00,0,
2026-08-07T13:42:37Z,"26542 LA-1032, Denham Springs, LA 70726",Bobtail / Box Truck,4,,4,0,0.0,,15.00,65.00,150.00,0,
2026-08-07T15:11:55Z,"26542 LA-1032, Denham Springs, LA 70726",Bobtail / Box Truck,4,,4,0,0.0,,15.00,65.00,150.00,0,
2026-08-07T16:11:42Z,"26542 LA-1032, Denham Springs, LA 70726",Bobtail / Box Truck,4,,4,0,0.0,,15.00,65.00,150.00,0,
2026-08-07T17:11:56Z,"26542 LA-1032, Denham Springs, LA 70726",Bobtail / Box Truck,4,,4,0,0.0,,15.00,65.00,150.00,0,
2026-08-07T18:06:10Z,"26542 LA-1032, Denham Springs, LA 70726",Bobtail / Box Truck,4,,4,0,0.0,,15.00,65.00,150.00,0,
2026-08-07T19:24:20Z,"26542 LA-1032, Denham Springs, LA 70726",Bobtail / Box Truck,4,,4,0,0.0,,15.00,65.00,150.00,0,
2026-08-07T21:03:22Z,"26542 LA-1032, Denham Springs, LA 70726",Bobtail / Box Truck,4,,4,0,0.0,,15.00,65.00,150.00,0,
2026-08-07T21:58:36Z,"26542 LA-1032, Denham Springs, LA 70726",Bobtail / Box Truck,4,,4,0,0.0,,15.00,65.00,150.00,0,
2026-08-07T22:58:14Z,"26542 LA-1032, Denham Springs, LA 70726",Bobtail / Box Truck,4,,4,0,0.0,,15.00,65.00,150.00,0,
2026-08-07T23:50:42Z,"26542 LA-1032, Denham Springs, LA 70726",Bobtail / Box Truck,4,,4,0,0.0,,15.00,65.00,150.00,0,
2026-08-08T02:24:54Z,"26542 LA-1032, Denham Springs, LA 70726",Bobtail / Box Truck,4,,4,0,0.0,,15.00,65.00,150.00,0,
2026-08-08T04:31:07Z,"26542 LA-1032, Denham Springs, LA 70726",Bobtail / Box Truck,4,,4,0,0.0,,15.00,65.00,150.00,0,
2026-08-08T05:59:44Z,"26542 LA-1032, Denham Springs, LA 70726",Bobtail / Box Truck,4,,4,0,0.0,,15.00,65.00,150.00,0,
2026-08-08T07:24:44Z,"26542 LA-1032, Denham Springs, LA 70726",Bobtail / Box Truck,4,,4,0,0.0,,15.00,65.00,150.00,0,
2026-08-08T09:04:10Z,"26542 LA-1032, Denham Springs, LA 70726",Bobtail / Box Truck,4,,4,0,0.0,,15.00,65.00,150.00,0,
2026-08-08T09:57:08Z,"26542 LA-1032, Denham Springs, LA 70726",Bobtail / Box Truck,4,,4,0,0.0,,15.00,65.00,150.00,0,
2026-08-08T10:54:19Z,"26542 LA-1032, Denham Springs, LA 70726",Bobtail / Box Truck,4,,4,0,0.0,,15.00,65.00,150.00,0,
2026-08-08T11:47:42Z,"26542 LA-1032, Denham Springs, LA 70726",Bobtail / Box Truck,4,,4,0,0.0,,15.00,65.00,150.00,0,
2026-08-08T13:16:19Z,"26542 LA-1032, Denham Springs, LA 70726",Bobtail / Box Truck,4,,4,0,0.0,,15.00,65.00,150.00,0,
2026-08-08T14:00:33Z,"26542 LA-1032, Denham Springs, LA 70726",Bobtail / Box Truck,4,,4,0,0.0,,15.00,65.00,150.00,0,
2026-08-08T14:52:55Z,"26542 LA-1032, Denham Springs, LA 70726",Bobtail / Box Truck,4,,4,0,0.0,,15.00,65.00,150.00,0,
2026-08-08T15:49:58Z,"26542 LA-1032, Denham Springs, LA 70726",Bobtail / Box Truck,4,,4,0,0.0,,15.00,65.00,150.00,0,
2026-08-08T16:56:14Z,"26542 LA-1032, Denham Springs, LA 70726",Bobtail / Box Truck,4,,4,0,0.0,,15.00,65.00,150.00,0,
2026-08-08T17:50:44Z,"26542 LA-1032, Denham Springs, LA 70726",Bobtail / Box Truck,4,,4,0,0.0,,15.00,65.00,150.00,0,
2026-08-08T19:03:09Z,"26542 LA-1032, Denham Springs, LA 70726",Bobtail / Box Truck,4,,4,0,0.0,,15.00,65.00,150.00,0,
2026-08-08T19:47:31Z,"26542 LA-1032, Denham Springs, LA 70726",Bobtail / Box Truck,4,,4,0,0.0,,15.00,65.00,150.00,0,
2026-08-08T20:52:07Z,"26542 LA-1032, Denham Springs, LA 70726",Bobtail / Box Truck,4,,4,0,0.0,,15.00,65.00,150.00,0,
2026-08-08T21:49:12Z,"26542 LA-1032, Denham Springs, LA 70726",Bobtail / Box Truck,4,,4,0,0.0,,15.00,65.00,150.00,0,
2026-08-08T22:50:47Z,"26542 LA-1032, Denham Springs, LA 70726",Bobtail / Box Truck,4,,4,0,0.0,,15.00,65.00,150.00,0,
2026-08-08T23:48:23Z,"26542 LA-1032, Denham Springs, LA 70726",Bobtail / Box Truck,4,,4,0,0.0,,15.00,65.00,150.00,0,
2026-08-09T02:31:58Z,"26542 LA-1032, Denham Springs, LA 70726",Bobtail / Box Truck,4,,4,0,0.0,,15.00,65.00,150.00,0,
2026-08-09T04:40:05Z,"26542 LA-1032, Denham Springs, LA 70726",Bobtail / Box Truck,4,,4,0,0.0,,15.00,65.00,150.00,0,
2026-08-09T06:02:29Z,"26542 LA-1032, Denham Springs, LA 70726",Bobtail / Box Truck,4,,4,0,0.0,,15.00,65.00,150.00,0,
2026-08-09T07:26:46Z,"26542 LA-1032, Denham Springs, LA 70726",Bobtail / Box Truck,4,,4,0,0.0,,15.00,65.00,150.00,0,
2026-08-09T09:05:50Z,"26542 LA-1032, Denham Springs, LA 70726",Bobtail / Box Truck,4,,4,0,0.0,,15.00,65.00,150.00,0,
2026-08-09T09:59:42Z,"26542 LA-1032, Denham Springs, LA 70726",Bobtail / Box Truck,4,,4,0,0.0,,15.00,65.00,150.00,0,
2026-08-09T10:55:43Z,"26542 LA-1032, Denham Springs, LA 70726",Bobtail / Box Truck,4,,4,0,0.0,,15.00,65.00,150.00,0,
2026-08-09T11:49:33Z,"26542 LA-1032, Denham Springs, LA 70726",Bobtail / Box Truck,4,,4,0,0.0,,15.00,65.00,150.00,0,
2026-08-09T13:23:55Z,"26542 LA-1032, Denham Springs, LA 70726",Bobtail / Box Truck,4,,4,0,0.0,,15.00,65.00,150.00,0,
2026-08-09T14:55:45Z,"26542 LA-1032, Denham Springs, LA 70726",Bobtail / Box Truck,4,,4,0,0.0,,15.00,65.00,150.00,0,
2026-08-09T15:51:38Z,"26542 LA-1032, Denham Springs, LA 70726",Bobtail / Box Truck,4,,4,0,0.0,,15.00,65.00,150.00,0,
2026-08-09T16:58:49Z,"26542 LA-1032, Denham Springs, LA 70726",Bobtail / Box Truck,4,,4,0,0.0,,15.00,65.00,150.00,0,
2026-08-09T17:51:20Z,"26542 LA-1032, Denham Springs, LA 70726",Bobtail / Box Truck,4,,4,0,0.0,,15.00,65.00,150.00,0,
2026-08-09T19:05:43Z,"26542 LA-1032, Denham Springs, LA 70726",Bobtail / Box Truck,4,,4,0,0.0,,15.00,65.00,150.00,0,
2026-08-09T19:51:39Z,"26542 LA-1032, Denham Springs, LA 70726",Bobtail / Box Truck,4,,4,0,0.0,,15.00,65.00,150.00,0,
2026-08-09T20:55:24Z,"26542 LA-1032, Denham Springs, LA 70726",Bobtail / Box Truck,4,,4,0,0.0,,15.00,65.00,150.00,0,
2026-08-09T21:51:46Z,"26542 LA-1032, Denham Springs, LA 70726",Bobtail / Box Truck,4,,4,0,0.0,,15.00,65.00,150.00,0,
2026-08-09T22:53:30Z,"26542 LA-1032, Denham Springs, LA 70726",Bobtail / Box Truck,4,,4,0,0.0,,15.00,65.00,150.00,0,
2026-08-09T23:51:10Z,"26542 LA-1032, Denham Springs, LA 70726",Bobtail / Box Truck,4,,4,0,0.0,,15.00,65.00,150.00,0,
2026-08-10T02:37:56Z,"26542 LA-1032, Denham Springs, LA 70726",Bobtail / Box Truck,4,,4,0,0.0,,15.00,65.00,150.00,0,
2026-08-10T04:58:11Z,"26542 LA-1032, Denham Springs, LA 70726",Bobtail / Box Truck,4,,4,0,0.0,,15.00,65.00,150.00,0,
2026-08-10T06:45:33Z,"26542 LA-1032, Denham Springs, LA 70726",Bobtail / Box Truck,4,,4,0,0.0,,15.00,65.00,150.00,0,
2026-08-10T08:53:21Z,"26542 LA-1032, Denham Springs, LA 70726",Bobtail / Box Truck,4,,4,0,0.0,,15.00,65.00,150.00,0,
2026-08-10T10:38:47Z,"26542 LA-1032, Denham Springs, LA 70726",Bobtail / Box Truck,4,,4,0,0.0,,15.00,65.00,150.00,0,
2026-08-10T12:03:12Z,"26542 LA-1032, Denham Springs, LA 70726",Bobtail / Box Truck,4,,4,0,0.0,,15.00,65.00,150.00,0,
2026-08-10T13:48:46Z,"26542 LA-1032, Denham Springs, LA 70726",Bobtail / Box Truck,4,,4,0,0.0,,15.00,65.00,150.00,0,
2026-08-10T15:26:39Z,"26542 LA-1032, Denham Springs, LA 70726",Bobtail / Box Truck,4,,4,0,0.0,,15.00,65.00,150.00,0,
2026-08-10T17:12:58Z,"26542 LA-1032, Denham Springs, LA 70726",Bobtail / Box Truck,4,,4,0,0.0,,15.00,65.00,150.00,0,
2026-08-10T18:06:37Z,"26542 LA-1032, Denham Springs, LA 70726",Bobtail / Box Truck,4,,4,0,0.0,,15.00,65.00,150.00,0,
2026-08-10T19:25:04Z,"26542 LA-1032, Denham Springs, LA 70726",Bobtail / Box Truck,4,,4,0,0.0,,15.00,65.00,150.00,0,
2026-08-10T21:05:05Z,"26542 LA-1032, Denham Springs, LA 70726",Bobtail / Box Truck,4,,4,0,0.0,,15.00,65.00,150.00,0,
2026-08-10T22:01:08Z,"26542 LA-1032, Denham Springs, LA 70726",Bobtail / Box Truck,4,,4,0,0.0,,15.00,65.00,150.00,0,
2026-08-10T22:59:25Z,"26542 LA-1032, Denham Springs, LA 70726",Bobtail / Box Truck,4,,4,0,0.0,,15.00,65.00,150.00,0,
2026-08-10T23:53:31Z,"26542 LA-1032, Denham Springs, LA 70726",Bobtail / Box Truck,4,,4,0,0.0,,15.00,65.00,150.00,0,
2026-08-11T02:31:01Z,"26542 LA-1032, Denham Springs, LA 70726",Bobtail / Box Truck,4,,4,0,0.0,,15.00,65.00,150.00,0,
2026-08-11T04:43:51Z,"26542 LA-1032, Denham Springs, LA 70726",Bobtail / Box Truck,4,,4,0,0.0,,15.00,65.00,150.00,0,
2026-08-11T06:08:17Z,"26542 LA-1032, Denham Springs, LA 70726",Bobtail / Box Truck,4,,4,0,0.0,,15.00,65.00,150.00,0,
2026-08-11T07:41:27Z,"26542 LA-1032, Denham Springs, LA 70726",Bobtail / Box Truck,4,,4,0,0.0,,15.00,65.00,150.00,0,
2026-08-11T09:17:05Z,"26542 LA-1032, Denham Springs, LA 70726",Bobtail / Box Truck,4,,4,0,0.0,,15.00,65.00,150.00,0,
2026-08-11T10:14:24Z,"26542 LA-1032, Denham Springs, LA 70726",Bobtail / Box Truck,4,,4,0,0.0,,15.00,65.00,150.00,0,
2026-08-11T11:08:22Z,"26542 LA-1032, Denham Springs, LA 70726",Bobtail / Box Truck,4,,4,0,0.0,,15.00,65.00,150.00,0,
2026-08-11T12:01:02Z,"26542 LA-1032, Denham Springs, LA 70726",Bobtail / Box Truck,4,,4,0,0.0,,15.00,65.00,150.00,0,
2026-08-11T13:46:53Z,"26542 LA-1032, Denham Springs, LA 70726",Bobtail / Box Truck,4,,4,0,0.0,,15.00,65.00,150.00,0,
2026-08-11T15:25:10Z,"26542 LA-1032, Denham Springs, LA 70726",Bobtail / Box Truck,4,,4,0,0.0,,15.00,65.00,150.00,0,
2026-08-11T17:15:51Z,"26542 LA-1032, Denham Springs, LA 70726",Bobtail / Box Truck,4,,4,0,0.0,,15.00,65.00,150.00,0,
2026-08-11T18:10:08Z,"26542 LA-1032, Denham Springs, LA 70726",Bobtail / Box Truck,4,,4,0,0.0,,15.00,65.00,150.00,0,
2026-08-11T19:29:15Z,"26542 LA-1032, Denham Springs, LA 70726",Bobtail / Box Truck,4,,4,0,0.0,,15.00,65.00,150.00,0,
2026-08-11T21:07:29Z,"26542 LA-1032, Denham Springs, LA 70726",Bobtail / Box Truck,4,,4,0,0.0,,15.00,65.00,150.00,0,
2026-08-11T22:08:15Z,"26542 LA-1032, Denham Springs, LA 70726",Bobtail / Box Truck,4,,4,0,0.0,,15.00,65.00,150.00,0,
2026-08-11T23:07:26Z,"26542 LA-1032, Denham Springs, LA 70726",Bobtail / Box Truck,4,,4,0,0.0,,15.00,65.00,150.00,0,
2026-08-12T00:02:16Z,"26542 LA-1032, Denham Springs, LA 70726",Bobtail / Box Truck,4,,4,0,0.0,,15.00,65.00,150.00,0,
2026-08-12T02:59:37Z,"26542 LA-1032, Denham Springs, LA 70726",Bobtail / Box Truck,4,,4,0,0.0,,15.00,65.00,150.00,0,
2026-08-12T05:08:54Z,"26542 LA-1032, Denham Springs, LA 70726",Bobtail / Box Truck,4,,4,0,0.0,,15.00,65.00,150.00,0,
2026-08-12T06:46:34Z,"26542 LA-1032, Denham Springs, LA 70726",Bobtail / Box Truck,4,,4,0,0.0,,15.00,65.00,150.00,0,
2026-08-12T08:41:59Z,"26542 LA-1032, Denham Springs, LA 70726",Bobtail / Box Truck,4,,4,0,0.0,,15.00,65.00,150.00,0,
2026-08-12T10:29:29Z,"26542 LA-1032, Denham Springs, LA 70726",Bobtail / Box Truck,4,,4,0,0.0,,15.00,65.00,150.00,0,
2026-08-12T12:02:19Z,"26542 LA-1032, Denham Springs, LA 70726",Bobtail / Box Truck,4,,4,0,0.0,,15.00,65.00,150.00,0,
2026-08-12T13:52:23Z,"26542 LA-1032, Denham Springs, LA 70726",Bobtail / Box Truck,4,,4,0,0.0,,15.00,65.00,150.00,0,
2026-08-12T15:17:44Z,"26542 LA-1032, Denham Springs, LA 70726",Bobtail / Box Truck,4,,4,0,0.0,,15.00,65.00,150.00,0,
2026-08-12T16:12:48Z,"26542 LA-1032, Denham Springs, LA 70726",Bobtail / Box Truck,4,,4,0,0.0,,15.00,65.00,150.00,0,
2026-08-12T17:16:29Z,"26542 LA-1032, Denham Springs, LA 70726",Bobtail / Box Truck,4,,4,0,0.0,,15.00,65.00,150.00,0,
2026-08-12T18:10:17Z,"26542 LA-1032, Denham Springs, LA 70726",Bobtail / Box Truck,4,,4,0,0.0,,15.00,65.00,150.00,0,
2026-08-12T19:30:20Z,"26542 LA-1032, Denham Springs, LA 70726",Bobtail / Box Truck,4,,4,0,0.0,,15.00,65.00,150.00,0,
2026-08-12T21:07:06Z,"26542 LA-1032, Denham Springs, LA 70726",Bobtail / Box Truck,4,,4,0,0.0,,15.00,65.00,150.00,0,
2026-08-12T22:06:00Z,"26542 LA-1032, Denham Springs, LA 70726",Bobtail / Box Truck,4,,4,0,0.0,,15.00,65.00,150.00,0,
2026-08-12T23:05:15Z,"26542 LA-1032, Denham Springs, LA 70726",Bobtail / Box Truck,4,,4,0,0.0,,15.00,65.00,150.00,0,
2026-08-13T00:01:28Z,"26542 LA-1032, Denham Springs, LA 70726",Bobtail / Box Truck,4,,4,0,0.0,,15.00,65.00,150.00,0,
2026-08-13T03:02:43Z,"26542 LA-1032, Denham Springs, LA 70726",Bobtail / Box Truck,4,,4,0,0.0,,15.00,65.00,150.00,0,
2026-08-13T05:11:36Z,"26542 LA-1032, Denham Springs, LA 70726",Bobtail / Box Truck,4,,4,0,0.0,,15.00,65.00,150.00,0,
2026-08-13T06:50:29Z,"26542 LA-1032, Denham Springs, LA 70726",Bobtail / Box Truck,4,,4,0,0.0,,15.00,65.00,150.00,0,
2026-08-13T08:46:23Z,"26542 LA-1032, Denham Springs, LA 70726",Bobtail / Box Truck,4,,4,0,0.0,,15.00,65.00,150.00,0,
2026-08-13T10:31:15Z,"26542 LA-1032, Denham Springs, LA 70726",Bobtail / Box Truck,4,,4,0,0.0,,15.00,65.00,150.00,0,
2026-08-13T12:02:42Z,"26542 LA-1032, Denham Springs, LA 70726",Bobtail / Box Truck,4,,4,0,0.0,,15.00,65.00,150.00,0,
2026-08-13T13:52:09Z,"26542 LA-1032, Denham Springs, LA 70726",Bobtail / Box Truck,4,,4,0,0.0,,15.00,65.00,150.00,0,
2026-08-13T15:25:15Z,"26542 LA-1032, Denham Springs, LA 70726",Bobtail / Box Truck,4,,4,0,0.0,,15.00,65.00,150.00,0,
2026-08-13T17:16:43Z,"26542 LA-1032, Denham Springs, LA 70726",Bobtail / Box Truck,4,,4,0,0.0,,15.00,65.00,150.00,0,
2026-08-13T18:10:28Z,"26542 LA-1032, Denham Springs, LA 70726",Bobtail / Box Truck,4,,4,0,0.0,,15.00,65.00,150.00,0,
2026-08-13T19:29:38Z,"26542 LA-1032, Denham Springs, LA 70726",Bobtail / Box Truck,4,,4,0,0.0,,15.00,65.00,150.00,0,
2026-08-13T21:07:15Z,"26542 LA-1032, Denham Springs, LA 70726",Bobtail / Box Truck,4,,4,0,0.0,,15.00,65.00,150.00,0,
2026-08-13T22:06:12Z,"26542 LA-1032, Denham Springs, LA 70726",Bobtail / Box Truck,4,,4,0,0.0,,15.00,65.00,150.00,0,
2026-08-13T23:06:24Z,"26542 LA-1032, Denham Springs, LA 70726",Bobtail / Box Truck,4,,4,0,0.0,,15.00,65.00,150.00,0,
2026-08-14T00:01:26Z,"26542 LA-1032, Denham Springs, LA 70726",Bobtail / Box Truck,4,,4,0,0.0,,15.00,65.00,150.00,0,
2026-08-14T03:01:59Z,"26542 LA-1032, Denham Springs, LA 70726",Bobtail / Box Truck,4,,4,0,0.0,,15.00,65.00,150.00,0,
2026-08-14T05:09:21Z,"26542 LA-1032, Denham Springs, LA 70726",Bobtail / Box Truck,4,,4,0,0.0,,15.00,65.00,150.00,0,
2026-08-14T06:47:28Z,"26542 LA-1032, Denham Springs, LA 70726",Bobtail / Box Truck,4,,4,0,0.0,,15.00,65.00,150.00,0,
2026-08-14T08:39:48Z,"26542 LA-1032, Denham Springs, LA 70726",Bobtail / Box Truck,4,,4,0,0.0,,15.00,65.00,150.00,0,
2026-08-14T10:27:30Z,"26542 LA-1032, Denham Springs, LA 70726",Bobtail / Box Truck,4,,4,0,0.0,,15.00,65.00,150.00,0,
2026-08-14T12:00:24Z,"26542 LA-1032, Denham Springs, LA 70726",Bobtail / Box Truck,4,,4,0,0.0,,15.00,65.00,150.00,0,
2026-08-14T13:48:25Z,"26542 LA-1032, Denham Springs, LA 70726",Bobtail / Box Truck,4,,4,0,0.0,,15.00,65.00,150.00,0,
2026-08-14T15:09:51Z,"26542 LA-1032, Denham Springs, LA 70726",Bobtail / Box Truck,4,,4,0,0.0,,15.00,65.00,150.00,0,
2026-08-14T16:08:41Z,"26542 LA-1032, Denham Springs, LA 70726",Bobtail / Box Truck,4,,4,0,0.0,,15.00,65.00,150.00,0,
2026-08-14T17:14:42Z,"26542 LA-1032, Denham Springs, LA 70726",Bobtail / Box Truck,4,,4,0,0.0,,15.00,65.00,150.00,0,
2026-08-14T18:09:24Z,"26542 LA-1032, Denham Springs, LA 70726",Bobtail / Box Truck,4,,4,0,0.0,,15.00,65.00,150.00,0,
2026-08-14T19:17:34Z,"26542 LA-1032, Denham Springs, LA 70726",Bobtail / Box Truck,4,,4,0,0.0,,15.00,65.00,150.00,0,
2026-08-14T19:58:51Z,"26542 LA-1032, Denham Springs, LA 70726",Bobtail / Box Truck,4,,4,0,0.0,,15.00,65.00,150.00,0,
2026-08-14T20:49:45Z,"26542 LA-1032, Denham Springs, LA 70726",Bobtail / Box Truck,4,,4,0,0.0,,15.00,65.00,150.00,0,
2026-08-14T21:43:37Z,"26542 LA-1032, Denham Springs, LA 70726",Bobtail / Box Truck,4,,4,0,0.0,,15.00,65.00,150.00,0,
2026-08-14T22:43:26Z,"26542 LA-1032, Denham Springs, LA 70726",Bobtail / Box Truck,4,,4,0,0.0,,15.00,65.00,150.00,0,
2026-08-14T23:41:51Z,"26542 LA-1032, Denham Springs, LA 70726",Bobtail / Box Truck,4,,4,0,0.0,,15.00,65.00,150.00,0,
2026-08-15T01:52:29Z,"26542 LA-1032, Denham Springs, LA 70726",Bobtail / Box Truck,4,,4,0,0.0,,15.00,65.00,150.00,0,
2026-08-15T03:07:53Z,"26542 LA-1032, Denham Springs, LA 70726",Bobtail / Box Truck,4,,4,0,0.0,,15.00,65.00,150.00,0,
2026-08-15T03:57:31Z,"26542 LA-1032, Denham Springs, LA 70726",Bobtail / Box Truck,4,,4,0,0.0,,15.00,65.00,150.00,0,
2026-08-15T04:50:35Z,"26542 LA-1032, Denham Springs, LA 70726",Bobtail / Box Truck,4,,4,0,0.0,,15.00,65.00,150.00,0,
2026-08-15T05:44:57Z,"26542 LA-1032, Denham Springs, LA 70726",Bobtail / Box Truck,4,,4,0,0.0,,15.00,65.00,150.00,0,
2026-08-15T07:01:29Z,"26542 LA-1032, Denham Springs, LA 70726",Bobtail / Box Truck,4,,4,0,0.0,,15.00,65.00,150.00,0,
2026-08-15T07:47:08Z,"26542 LA-1032, Denham Springs, LA 70726",Bobtail / Box Truck,4,,4,0,0.0,,15.00,65.00,150.00,0,
2026-08-15T08:48:43Z,"26542 LA-1032, Denham Springs, LA 70726",Bobtail / Box Truck,4,,4,0,0.0,,15.00,65.00,150.00,0,
2026-08-15T09:44:02Z,"26542 LA-1032, Denham Springs, LA 70726",Bobtail / Box Truck,4,,4,0,0.0,,15.00,65.00,150.00,0,
2026-08-15T10:43:14Z,"26542 LA-1032, Denham Springs, LA 70726",Bobtail / Box Truck,4,,4,0,0.0,,15.00,65.00,150.00,0,
2026-08-15T11:38:16Z,"26542 LA-1032, Denham Springs, LA 70726",Bobtail / Box Truck,4,,4,0,0.0,,15.00,65.00,150.00,0,
2026-08-15T13:02:08Z,"26542 LA-1032, Denham Springs, LA 70726",Bobtail / Box Truck,4,,4,0,0.0,,15.00,65.00,150.00,0,
2026-08-15T13:46:12Z,"26542 LA-1032, Denham Springs, LA 70726",Bobtail / Box Truck,4,,4,0,0.0,,15.00,65.00,150.00,0,
2026-08-15T14:42:35Z,"26542 LA-1032, Denham Springs, LA 70726",Bobtail / Box Truck,4,,4,0,0.0,,15.00,65.00,150.00,0,
2026-08-15T15:39:17Z,"26542 LA-1032, Denham Springs, LA 70726",Bobtail / Box Truck,4,,4,0,0.0,,15.00,65.00,150.00,0,
2026-08-15T16:44:50Z,"26542 LA-1032, Denham Springs, LA 70726",Bobtail / Box Truck,4,,4,0,0.0,,15.00,65.00,150.00,0,
2026-08-15T17:39:55Z,"26542 LA-1032, Denham Springs, LA 70726",Bobtail / Box Truck,4,,4,0,0.0,,15.00,65.00,150.00,0,
2026-08-15T18:50:31Z,"26542 LA-1032, Denham Springs, LA 70726",Bobtail / Box Truck,4,,4,0,0.0,,15.00,65.00,150.00,0,
2026-08-15T19:39:05Z,"26542 LA-1032, Denham Springs, LA 70726",Bobtail / Box Truck,4,,4,0,0.0,,15.00,65.00,150.00,0,
2026-08-15T20:42:25Z,"26542 LA-1032, Denham Springs, LA 70726",Bobtail / Box Truck,4,,4,0,0.0,,15.00,65.00,150.00,0,
2026-08-15T21:39:12Z,"26542 LA-1032, Denham Springs, LA 70726",Bobtail / Box Truck,4,,4,0,0.0,,15.00,65.00,150.00,0,
2026-08-15T22:41:37Z,"26542 LA-1032, Denham Springs, LA 70726",Bobtail / Box Truck,4,,4,0,0.0,,15.00,65.00,150.00,0,
2026-08-15T23:39:02Z,"26542 LA-1032, Denham Springs, LA 70726",Bobtail / Box Truck,4,,4,0,0.0,,15.00,65.00,150.00,0,
2026-08-16T01:59:43Z,"26542 LA-1032, Denham Springs, LA 70726",Bobtail / Box Truck,4,,4,0,0.0,,15.00,65.00,150.00,0,
2026-08-16T03:14:49Z,"26542 LA-1032, Denham Springs, LA 70726",Bobtail / Box Truck,4,,4,0,0.0,,15.00,65.00,150.00,0,
2026-08-16T04:03:06Z,"26542 LA-1032, Denham Springs, LA 70726",Bobtail / Box Truck,4,,4,0,0.0,,15.00,65.00,150.00,0,
2026-08-16T04:53:16Z,"26542 LA-1032, Denham Springs, LA 70726",Bobtail / Box Truck,4,,4,0,0.0,,15.00,65.00,150.00,0,
2026-08-16T05:47:26Z,"26542 LA-1032, Denham Springs, LA 70726",Bobtail / Box Truck,4,,4,0,0.0,,15.00,65.00,150.00,0,
2026-08-16T07:04:00Z,"26542 LA-1032, Denham Springs, LA 70726",Bobtail / Box Truck,4,,4,0,0.0,,15.00,65.00,150.00,0,
2026-08-16T07:48:11Z,"26542 LA-1032, Denham Springs, LA 70726",Bobtail / Box Truck,4,,4,0,0.0,,15.00,65.00,150.00,0,
2026-08-16T08:50:25Z,"26542 LA-1032, Denham Springs, LA 70726",Bobtail / Box Truck,4,,4,0,0.0,,15.00,65.00,150.00,0,
2026-08-16T09:46:13Z,"26542 LA-1032, Denham Springs, LA 70726",Bobtail / Box Truck,4,,4,0,0.0,,15.00,65.00,150.00,0,
2026-08-16T10:43:23Z,"26542 LA-1032, Denham Springs, LA 70726",Bobtail / Box Truck,4,,4,0,0.0,,15.00,65.00,150.00,0,
2026-08-16T11:39:06Z,"26542 LA-1032, Denham Springs, LA 70726",Bobtail / Box Truck,4,,4,0,0.0,,15.00,65.00,150.00,0,
2026-08-16T13:03:50Z,"26542 LA-1032, Denham Springs, LA 70726",Bobtail / Box Truck,4,,4,0,0.0,,15.00,65.00,150.00,0,
2026-08-16T13:47:31Z,"26542 LA-1032, Denham Springs, LA 70726",Bobtail / Box Truck,4,,4,0,0.0,,15.00,65.00,150.00,0,
2026-08-16T14:42:45Z,"26542 LA-1032, Denham Springs, LA 70726",Bobtail / Box Truck,4,,4,0,0.0,,15.00,65.00,150.00,0,
2026-08-16T15:40:07Z,"26542 LA-1032, Denham Springs, LA 70726",Bobtail / Box Truck,4,,4,0,0.0,,15.00,65.00,150.00,0,
2026-08-16T16:45:24Z,"26542 LA-1032, Denham Springs, LA 70726",Bobtail / Box Truck,4,,4,0,0.0,,15.00,65.00,150.00,0,
2026-08-16T17:38:26Z,"26542 LA-1032, Denham Springs, LA 70726",Bobtail / Box Truck,4,,4,0,0.0,,15.00,65.00,150.00,0,
2026-08-16T18:49:45Z,"26542 LA-1032, Denham Springs, LA 70726",Bobtail / Box Truck,4,,4,0,0.0,,15.00,65.00,150.00,0,
2026-08-16T19:38:05Z,"26542 LA-1032, Denham Springs, LA 70726",Bobtail / Box Truck,4,,4,0,0.0,,15.00,65.00,150.00,0,
2026-08-16T20:41:57Z,"26542 LA-1032, Denham Springs, LA 70726",Bobtail / Box Truck,4,,4,0,0.0,,15.00,65.00,150.00,0,
2026-08-16T21:38:26Z,"26542 LA-1032, Denham Springs, LA 70726",Bobtail / Box Truck,4,,4,0,0.0,,15.00,65.00,150.00,0,
2026-08-16T22:41:08Z,"26542 LA-1032, Denham Springs, LA 70726",Bobtail / Box Truck,4,,4,0,0.0,,15.00,65.00,150.00,0,
2026-08-16T23:37:41Z,"26542 LA-1032, Denham Springs, LA 70726",Bobtail / Box Truck,4,,4,0,0.0,,15.00,65.00,150.00,0,
2026-08-17T01:57:26Z,"26542 LA-1032, Denham Springs, LA 70726",Bobtail / Box Truck,4,,4,0,0.0,,15.00,65.00,150.00,0,
2026-08-17T03:15:31Z,"26542 LA-1032, Denham Springs, LA 70726",Bobtail / Box Truck,4,,4,0,0.0,,15.00,65.00,150.00,0,
2026-08-17T04:06:50Z,"26542 LA-1032, Denham Springs, LA 70726",Bobtail / Box Truck,4,,4,0,0.0,,15.00,65.00,150.00,0,
2026-08-17T05:01:45Z,"26542 LA-1032, Denham Springs, LA 70726",Bobtail / Box Truck,4,,4,0,0.0,,15.00,65.00,150.00,0,
2026-08-17T05:54:06Z,"26542 LA-1032, Denham Springs, LA 70726",Bobtail / Box Truck,4,,4,0,0.0,,15.00,65.00,150.00,0,
2026-08-17T07:26:30Z,"26542 LA-1032, Denham Springs, LA 70726",Bobtail / Box Truck,4,,4,0,0.0,,15.00,65.00,150.00,0,
2026-08-17T09:03:33Z,"26542 LA-1032, Denham Springs, LA 70726",Bobtail / Box Truck,4,,4,0,0.0,,15.00,65.00,150.00,0,
2026-08-17T10:00:27Z,"26542 LA-1032, Denham Springs, LA 70726",Bobtail / Box Truck,4,,4,0,0.0,,15.00,65.00,150.00,0,
2026-08-17T10:51:04Z,"26542 LA-1032, Denham Springs, LA 70726",Bobtail / Box Truck,4,,4,0,0.0,,15.00,65.00,150.00,0,
2026-08-17T11:44:44Z,"26542 LA-1032, Denham Springs, LA 70726",Bobtail / Box Truck,4,,4,0,0.0,,15.00,65.00,150.00,0,
2026-08-17T13:10:15Z,"26542 LA-1032, Denham Springs, LA 70726",Bobtail / Box Truck,4,,4,0,0.0,,15.00,65.00,150.00,0,
2026-08-17T13:55:31Z,"26542 LA-1032, Denham Springs, LA 70726",Bobtail / Box Truck,4,,4,0,0.0,,15.00,65.00,150.00,0,
2026-08-17T14:48:28Z,"26542 LA-1032, Denham Springs, LA 70726",Bobtail / Box Truck,4,,4,0,0.0,,15.00,65.00,150.00,0,
2026-08-17T15:44:01Z,"26542 LA-1032, Denham Springs, LA 70726",Bobtail / Box Truck,4,,4,0,0.0,,15.00,65.00,150.00,0,
2026-08-17T16:48:58Z,"26542 LA-1032, Denham Springs, LA 70726",Bobtail / Box Truck,4,,4,0,0.0,,15.00,65.00,150.00,0,
2026-08-17T17:48:44Z,"26542 LA-1032, Denham Springs, LA 70726",Bobtail / Box Truck,4,,4,0,0.0,,15.00,65.00,150.00,0,
2026-08-17T19:01:51Z,"26542 LA-1032, Denham Springs, LA 70726",Bobtail / Box Truck,4,,4,0,0.0,,15.00,65.00,150.00,0,
2026-08-17T19:45:57Z,"26542 LA-1032, Denham Springs, LA 70726",Bobtail / Box Truck,4,,4,0,0.0,,15.00,65.00,150.00,0,
2026-08-17T20:47:16Z,"26542 LA-1032, Denham Springs, LA 70726",Bobtail / Box Truck,4,,4,0,0.0,,15.00,65.00,150.00,0,
2026-08-17T21:44:08Z,"26542 LA-1032, Denham Springs, LA 70726",Bobtail / Box Truck,4,,4,0,0.0,,15.00,65.00,150.00,0,
2026-08-17T22:44:17Z,"26542 LA-1032, Denham Springs, LA 70726",Bobtail / Box Truck,4,,4,0,0.0,,15.00,65.00,150.00,0,
2026-08-17T23:40:49Z,"26542 LA-1032, Denham Springs, LA 70726",Bobtail / Box Truck,4,,4,0,0.0,,15.00,65.00,150.00,0,
2026-08-18T01:53:42Z,"26542 LA-1032, Denham Springs, LA 70726",Bobtail / Box Truck,4,,4,0,0.0,,15.00,65.00,150.00,0,
2026-08-18T03:11:32Z,"26542 LA-1032, Denham Springs, LA 70726",Bobtail / Box Truck,4,,4,0,0.0,,15.00,65.00,150.00,0,
2026-08-18T04:01:39Z,"26542 LA-1032, Denham Springs, LA 70726",Bobtail / Box Truck,4,,4,0,0.0,,15.00,65.00,150.00,0,
2026-08-18T04:55:30Z,"26542 LA-1032, Denham Springs, LA 70726",Bobtail / Box Truck,4,,4,0,0.0,,15.00,65.00,150.00,0,
2026-08-18T05:49:11Z,"26542 LA-1032, Denham Springs, LA 70726",Bobtail / Box Truck,4,,4,0,0.0,,15.00,65.00,150.00,0,
2026-08-18T07:09:11Z,"26542 LA-1032, Denham Springs, LA 70726",Bobtail / Box Truck,4,,4,0,0.0,,15.00,65.00,150.00,0,
2026-08-18T07:57:17Z,"26542 LA-1032, Denham Springs, LA 70726",Bobtail / Box Truck,4,,4,0,0.0,,15.00,65.00,150.00,0,
2026-08-18T08:56:47Z,"26542 LA-1032, Denham Springs, LA 70726",Bobtail / Box Truck,4,,4,0,0.0,,15.00,65.00,150.00,0,
2026-08-18T09:52:10Z,"26542 LA-1032, Denham Springs, LA 70726",Bobtail / Box Truck,4,,4,0,0.0,,15.00,65.00,150.00,0,
2026-08-18T10:50:18Z,"26542 LA-1032, Denham Springs, LA 70726",Bobtail / Box Truck,4,,4,0,0.0,,15.00,65.00,150.00,0,
2026-08-18T11:44:50Z,"26542 LA-1032, Denham Springs, LA 70726",Bobtail / Box Truck,4,,4,0,0.0,,15.00,65.00,150.00,0,
2026-08-18T13:12:33Z,"26542 LA-1032, Denham Springs, LA 70726",Bobtail / Box Truck,4,,4,0,0.0,,15.00,65.00,150.00,0,
2026-08-18T14:00:02Z,"26542 LA-1032, Denham Springs, LA 70726",Bobtail / Box Truck,4,,4,0,0.0,,15.00,65.00,150.00,0,
2026-08-18T14:55:44Z,"26542 LA-1032, Denham Springs, LA 70726",Bobtail / Box Truck,4,,4,0,0.0,,15.00,65.00,150.00,0,
2026-08-18T15:50:25Z,"26542 LA-1032, Denham Springs, LA 70726",Bobtail / Box Truck,4,,4,0,0.0,,15.00,65.00,150.00,0,
2026-08-18T16:52:22Z,"26542 LA-1032, Denham Springs, LA 70726",Bobtail / Box Truck,4,,4,0,0.0,,15.00,65.00,150.00,0,
2026-08-18T17:47:35Z,"26542 LA-1032, Denham Springs, LA 70726",Bobtail / Box Truck,4,,4,0,0.0,,15.00,65.00,150.00,0,
2026-08-18T19:01:11Z,"26542 LA-1032, Denham Springs, LA 70726",Bobtail / Box Truck,4,,4,0,0.0,,15.00,65.00,150.00,0,
2026-08-18T19:44:06Z,"26542 LA-1032, Denham Springs, LA 70726",Bobtail / Box Truck,4,,4,0,0.0,,15.00,65.00,150.00,0,
2026-08-18T20:42:58Z,"26542 LA-1032, Denham Springs, LA 70726",Bobtail / Box Truck,4,,4,0,0.0,,15.00,65.00,150.00,0,
2026-08-18T21:41:59Z,"26542 LA-1032, Denham Springs, LA 70726",Bobtail / Box Truck,4,,4,0,0.0,,15.00,65.00,150.00,0,
2026-08-18T22:44:13Z,"26542 LA-1032, Denham Springs, LA 70726",Bobtail / Box Truck,4,,4,0,0.0,,15.00,65.00,150.00,0,
2026-08-18T23:41:15Z,"26542 LA-1032, Denham Springs, LA 70726",Bobtail / Box Truck,4,,4,0,0.0,,15.00,65.00,150.00,0,
2026-08-19T01:55:37Z,"26542 LA-1032, Denham Springs, LA 70726",Bobtail / Box Truck,4,,4,0,0.0,,15.00,65.00,150.00,0,
2026-08-19T03:13:23Z,"26542 LA-1032, Denham Springs, LA 70726",Bobtail / Box Truck,4,,4,0,0.0,,15.00,65.00,150.00,0,
2026-08-19T04:03:13Z,"26542 LA-1032, Denham Springs, LA 70726",Bobtail / Box Truck,4,,4,0,0.0,,15.00,65.00,150.00,0,
2026-08-19T04:54:58Z,"26542 LA-1032, Denham Springs, LA 70726",Bobtail / Box Truck,4,,4,0,0.0,,15.00,65.00,150.00,0,
2026-08-19T05:50:07Z,"26542 LA-1032, Denham Springs, LA 70726",Bobtail / Box Truck,4,,4,0,0.0,,15.00,65.00,150.00,0,
2026-08-19T07:09:27Z,"26542 LA-1032, Denham Springs, LA 70726",Bobtail / Box Truck,4,,4,0,0.0,,15.00,65.00,150.00,0,
2026-08-19T07:56:36Z,"26542 LA-1032, Denham Springs, LA 70726",Bobtail / Box Truck,4,,4,0,0.0,,15.00,65.00,150.00,0,
2026-08-19T08:57:55Z,"26542 LA-1032, Denham Springs, LA 70726",Bobtail / Box Truck,4,,4,0,0.0,,15.00,65.00,150.00,0,
2026-08-19T09:52:32Z,"26542 LA-1032, Denham Springs, LA 70726",Bobtail / Box Truck,4,,4,0,0.0,,15.00,65.00,150.00,0,
2026-08-19T10:49:31Z,"26542 LA-1032, Denham Springs, LA 70726",Bobtail / Box Truck,4,,4,0,0.0,,15.00,65.00,150.00,0,
2026-08-19T11:44:09Z,"26542 LA-1032, Denham Springs, LA 70726",Bobtail / Box Truck,4,,4,0,0.0,,15.00,65.00,150.00,0,
2026-08-19T13:13:53Z,"26542 LA-1032, Denham Springs, LA 70726",Bobtail / Box Truck,4,,4,0,0.0,,15.00,65.00,150.00,0,
2026-08-19T14:00:33Z,"26542 LA-1032, Denham Springs, LA 70726",Bobtail / Box Truck,4,,4,0,0.0,,15.00,65.00,150.00,0,
2026-08-19T14:56:02Z,"26542 LA-1032, Denham Springs, LA 70726",Bobtail / Box Truck,4,,4,0,0.0,,15.00,65.00,150.00,0,
2026-08-19T15:50:03Z,"26542 LA-1032, Denham Springs, LA 70726",Bobtail / Box Truck,4,,4,0,0.0,,15.00,65.00,150.00,0,
2026-08-19T16:51:06Z,"26542 LA-1032, Denham Springs, LA 70726",Bobtail / Box Truck,4,,4,0,0.0,,15.00,65.00,150.00,0,
2026-08-19T17:44:39Z,"26542 LA-1032, Denham Springs, LA 70726",Bobtail / Box Truck,4,,4,0,0.0,,15.00,65.00,150.00,0,
2026-08-19T18:56:41Z,"26542 LA-1032, Denham Springs, LA 70726",Bobtail / Box Truck,4,,4,0,0.0,,15.00,65.00,150.00,0,
2026-08-19T19:43:27Z,"26542 LA-1032, Denham Springs, LA 70726",Bobtail / Box Truck,4,,4,0,0.0,,15.00,65.00,150.00,0,
2026-08-19T20:48:25Z,"26542 LA-1032, Denham Springs, LA 70726",Bobtail / Box Truck,4,,4,0,0.0,,15.00,65.00,150.00,0,
2026-08-19T21:44:17Z,"26542 LA-1032, Denham Springs, LA 70726",Bobtail / Box Truck,4,,4,0,0.0,,15.00,65.00,150.00,0,
2026-08-19T22:45:10Z,"26542 LA-1032, Denham Springs, LA 70726",Bobtail / Box Truck,4,,4,0,0.0,,15.00,65.00,150.00,0,
2026-08-19T23:41:03Z,"26542 LA-1032, Denham Springs, LA 70726",Bobtail / Box Truck,4,,4,0,0.0,,15.00,65.00,150.00,0,
2026-08-20T01:54:44Z,"26542 LA-1032, Denham Springs, LA 70726",Bobtail / Box Truck,4,,4,0,0.0,,15.00,65.00,150.00,0,
2026-08-20T03:12:44Z,"26542 LA-1032, Denham Springs, LA 70726",Bobtail / Box Truck,4,,4,0,0.0,,15.00,65.00,150.00,0,
2026-08-20T04:02:47Z,"26542 LA-1032, Denham Springs, LA 70726",Bobtail / Box Truck,4,,4,0,0.0,,15.00,65.00,150.00,0,
2026-08-20T04:56:13Z,"26542 LA-1032, Denham Springs, LA 70726",Bobtail / Box Truck,4,,4,0,0.0,,15.00,65.00,150.00,0,
2026-08-20T05:50:11Z,"26542 LA-1032, Denham Springs, LA 70726",Bobtail / Box Truck,4,,4,0,0.0,,15.00,65.00,150.00,0,
2026-08-20T07:10:22Z,"26542 LA-1032, Denham Springs, LA 70726",Bobtail / Box Truck,4,,4,0,0.0,,15.00,65.00,150.00,0,
2026-08-20T07:59:50Z,"26542 LA-1032, Denham Springs, LA 70726",Bobtail / Box Truck,4,,4,0,0.0,,15.00,65.00,150.00,0,
2026-08-20T08:59:34Z,"26542 LA-1032, Denham Springs, LA 70726",Bobtail / Box Truck,4,,4,0,0.0,,15.00,65.00,150.00,0,
2026-08-20T09:52:56Z,"26542 LA-1032, Denham Springs, LA 70726",Bobtail / Box Truck,4,,4,0,0.0,,15.00,65.00,150.00,0,
2026-08-20T10:51:07Z,"26542 LA-1032, Denham Springs, LA 70726",Bobtail / Box Truck,4,,4,0,0.0,,15.00,65.00,150.00,0,
2026-08-20T11:46:44Z,"26542 LA-1032, Denham Springs, LA 70726",Bobtail / Box Truck,4,,4,0,0.0,,15.00,65.00,150.00,0,
2026-08-20T13:15:32Z,"26542 LA-1032, Denham Springs, LA 70726",Bobtail / Box Truck,4,,4,0,0.0,,15.00,65.00,150.00,0,
2026-08-20T14:03:00Z,"26542 LA-1032, Denham Springs, LA 70726",Bobtail / Box Truck,4,,4,0,0.0,,15.00,65.00,150.00,0,
2026-08-20T14:58:10Z,"26542 LA-1032, Denham Springs, LA 70726",Bobtail / Box Truck,4,,4,0,0.0,,15.00,65.00,150.00,0,
2026-08-20T15:51:57Z,"26542 LA-1032, Denham Springs, LA 70726",Bobtail / Box Truck,4,,4,0,0.0,,15.00,65.00,150.00,0,
2026-08-20T16:55:22Z,"26542 LA-1032, Denham Springs, LA 70726",Bobtail / Box Truck,4,,4,0,0.0,,15.00,65.00,150.00,0,
2026-08-20T17:49:36Z,"26542 LA-1032, Denham Springs, LA 70726",Bobtail / Box Truck,4,,4,0,0.0,,15.00,65.00,150.00,0,
2026-08-20T19:04:58Z,"26542 LA-1032, Denham Springs, LA 70726",Bobtail / Box Truck,4,,4,0,0.0,,15.00,65.00,150.00,0,
2026-08-20T19:49:07Z,"26542 LA-1032, Denham Springs, LA 70726",Bobtail / Box Truck,4,,4,0,0.0,,15.00,65.00,150.00,0,
2026-08-20T20:50:03Z,"26542 LA-1032, Denham Springs, LA 70726",Bobtail / Box Truck,4,,4,0,0.0,,15.00,65.00,150.00,0,
2026-08-20T21:47:33Z,"26542 LA-1032, Denham Springs, LA 70726",Bobtail / Box Truck,4,,4,0,0.0,,15.00,65.00,150.00,0,
2026-08-20T22:48:35Z,"26542 LA-1032, Denham Springs, LA 70726",Bobtail / Box Truck,4,,4,0,0.0,,15.00,65.00,150.00,0,
2026-08-20T23:43:54Z,"26542 LA-1032, Denham Springs, LA 70726",Bobtail / Box Truck,4,,4,0,0.0,,15.00,65.00,150.00,0,
2026-08-21T02:00:39Z,"26542 LA-1032, Denham Springs, LA 70726",Bobtail / Box Truck,4,,4,0,0.0,,15.00,65.00,150.00,0,
2026-08-21T03:25:23Z,"26542 LA-1032, Denham Springs, LA 70726",Bobtail / Box Truck,4,,4,0,0.0,,15.00,65.00,150.00,0,
2026-08-21T04:57:16Z,"26542 LA-1032, Denham Springs, LA 70726",Bobtail / Box Truck,4,,4,0,0.0,,15.00,65.00,150.00,0,
2026-08-21T05:51:01Z,"26542 LA-1032, Denham Springs, LA 70726",Bobtail / Box Truck,4,,4,0,0.0,,15.00,65.00,150.00,0,
2026-08-21T07:11:42Z,"26542 LA-1032, Denham Springs, LA 70726",Bobtail / Box Truck,4,,4,0,0.0,,15.00,65.00,150.00,0,
2026-08-21T08:00:40Z,"26542 LA-1032, Denham Springs, LA 70726",Bobtail / Box Truck,4,,4,0,0.0,,15.00,65.00,150.00,0,
2026-08-21T09:01:30Z,"26542 LA-1032, Denham Springs, LA 70726",Bobtail / Box Truck,4,,4,0,0.0,,15.00,65.00,150.00,0,
2026-08-21T09:54:26Z,"26542 LA-1032, Denham Springs, LA 70726",Bobtail / Box Truck,4,,4,0,0.0,,15.00,65.00,150.00,0,
2026-08-21T10:51:55Z,"26542 LA-1032, Denham Springs, LA 70726",Bobtail / Box Truck,4,,4,0,0.0,,15.00,65.00,150.00,0,
2026-08-21T11:46:33Z,"26542 LA-1032, Denham Springs, LA 70726",Bobtail / Box Truck,4,,4,0,0.0,,15.00,65.00,150.00,0,
2026-08-21T13:15:10Z,"26542 LA-1032, Denham Springs, LA 70726",Bobtail / Box Truck,4,,4,0,0.0,,15.00,65.00,150.00,0,
2026-08-21T14:01:26Z,"26542 LA-1032, Denham Springs, LA 70726",Bobtail / Box Truck,4,,4,0,0.0,,15.00,65.00,150.00,0,
2026-08-21T14:56:44Z,"26542 LA-1032, Denham Springs, LA 70726",Bobtail / Box Truck,4,,4,0,0.0,,15.00,65.00,150.00,0,
2026-08-21T15:51:40Z,"26542 LA-1032, Denham Springs, LA 70726",Bobtail / Box Truck,4,,4,0,0.0,,15.00,65.00,150.00,0,
2026-08-21T16:55:31Z,"26542 LA-1032, Denham Springs, LA 70726",Bobtail / Box Truck,4,,4,0,0.0,,15.00,65.00,150.00,0,
2026-08-21T17:49:37Z,"26542 LA-1032, Denham Springs, LA 70726",Bobtail / Box Truck,4,,4,0,0.0,,15.00,65.00,150.00,0,
2026-08-21T19:01:27Z,"26542 LA-1032, Denham Springs, LA 70726",Bobtail / Box Truck,4,,4,0,0.0,,15.00,65.00,150.00,0,
2026-08-21T19:41:52Z,"26542 LA-1032, Denham Springs, LA 70726",Bobtail / Box Truck,4,,4,0,0.0,,15.00,65.00,150.00,0,
2026-08-21T20:43:49Z,"26542 LA-1032, Denham Springs, LA 70726",Bobtail / Box Truck,4,,4,0,0.0,,15.00,65.00,150.00,0,
2026-08-21T21:42:48Z,"26542 LA-1032, Denham Springs, LA 70726",Bobtail / Box Truck,4,,4,0,0.0,,15.00,65.00,150.00,0,
2026-08-21T22:44:59Z,"26542 LA-1032, Denham Springs, LA 70726",Bobtail / Box Truck,4,,4,0,0.0,,15.00,65.00,150.00,0,
2026-08-21T23:42:47Z,"26542 LA-1032, Denham Springs, LA 70726",Bobtail / Box Truck,4,,4,0,0.0,,15.00,65.00,150.00,0,
2026-08-22T01:53:36Z,"26542 LA-1032, Denham Springs, LA 70726",Bobtail / Box Truck,4,,4,0,0.0,,15.00,65.00,150.00,0,
2026-08-22T03:10:34Z,"26542 LA-1032, Denham Springs, LA 70726",Bobtail / Box Truck,4,,4,0,0.0,,15.00,65.00,150.00,0,
2026-08-22T03:59:46Z,"26542 LA-1032, Denham Springs, LA 70726",Bobtail / Box Truck,4,,4,0,0.0,,15.00,65.00,150.00,0,
2026-08-22T04:53:16Z,"26542 LA-1032, Denham Springs, LA 70726",Bobtail / Box Truck,4,,4,0,0.0,,15.00,65.00,150.00,0,
2026-08-22T05:46:38Z,"26542 LA-1032, Denham Springs, LA 70726",Bobtail / Box Truck,4,,4,0,0.0,,15.00,65.00,150.00,0,
2026-08-22T07:04:01Z,"26542 LA-1032, Denham Springs, LA 70726",Bobtail / Box Truck,4,,4,0,0.0,,15.00,65.00,150.00,0,
2026-08-22T07:48:44Z,"26542 LA-1032, Denham Springs, LA 70726",Bobtail / Box Truck,4,,4,0,0.0,,15.00,65.00,150.00,0,
2026-08-22T08:51:12Z,"26542 LA-1032, Denham Springs, LA 70726",Bobtail / Box Truck,4,,4,0,0.0,,15.00,65.00,150.00,0,
2026-08-22T09:46:24Z,"26542 LA-1032, Denham Springs, LA 70726",Bobtail / Box Truck,4,,4,0,0.0,,15.00,65.00,150.00,0,
2026-08-22T10:43:47Z,"26542 LA-1032, Denham Springs, LA 70726",Bobtail / Box Truck,4,,4,0,0.0,,15.00,65.00,150.00,0,
2026-08-22T11:39:42Z,"26542 LA-1032, Denham Springs, LA 70726",Bobtail / Box Truck,4,,4,0,0.0,,15.00,65.00,150.00,0,
2026-08-22T13:04:13Z,"26542 LA-1032, Denham Springs, LA 70726",Bobtail / Box Truck,4,,4,0,0.0,,15.00,65.00,150.00,0,
2026-08-22T13:47:13Z,"26542 LA-1032, Denham Springs, LA 70726",Bobtail / Box Truck,4,,4,0,0.0,,15.00,65.00,150.00,0,
2026-08-22T14:41:52Z,"26542 LA-1032, Denham Springs, LA 70726",Bobtail / Box Truck,4,,4,0,0.0,,15.00,65.00,150.00,0,
2026-08-22T15:39:33Z,"26542 LA-1032, Denham Springs, LA 70726",Bobtail / Box Truck,4,,4,0,0.0,,15.00,65.00,150.00,0,
2026-08-22T16:43:45Z,"26542 LA-1032, Denham Springs, LA 70726",Bobtail / Box Truck,4,,4,0,0.0,,15.00,65.00,150.00,0,
2026-08-22T17:40:14Z,"26542 LA-1032, Denham Springs, LA 70726",Bobtail / Box Truck,4,,4,0,0.0,,15.00,65.00,150.00,0,
2026-08-22T18:52:01Z,"26542 LA-1032, Denham Springs, LA 70726",Bobtail / Box Truck,4,,4,0,0.0,,15.00,65.00,150.00,0,
2026-08-22T19:40:39Z,"26542 LA-1032, Denham Springs, LA 70726",Bobtail / Box Truck,4,,4,0,0.0,,15.00,65.00,150.00,0,
2026-08-22T20:42:56Z,"26542 LA-1032, Denham Springs, LA 70726",Bobtail / Box Truck,4,,4,0,0.0,,15.00,65.00,150.00,0,
2026-08-22T21:40:21Z,"26542 LA-1032, Denham Springs, LA 70726",Bobtail / Box Truck,4,,4,0,0.0,,15.00,65.00,150.00,0,
2026-08-22T22:42:11Z,"26542 LA-1032, Denham Springs, LA 70726",Bobtail / Box Truck,4,,4,0,0.0,,15.00,65.00,150.00,0,
2026-08-22T23:39:05Z,"26542 LA-1032, Denham Springs, LA 70726",Bobtail / Box Truck,4,,4,0,0.0,,15.00,65.00,150.00,0,
2026-08-23T02:02:10Z,"26542 LA-1032, Denham Springs, LA 70726",Bobtail / Box Truck,4,,4,0,0.0,,15.00,65.00,150.00,0,
2026-08-23T03:24:52Z,"26542 LA-1032, Denham Springs, LA 70726",Bobtail / Box Truck,4,,4,0,0.0,,15.00,65.00,150.00,0,
2026-08-23T04:55:06Z,"26542 LA-1032, Denham Springs, LA 70726",Bobtail / Box Truck,4,,4,0,0.0,,15.00,65.00,150.00,0,
2026-08-23T05:49:10Z,"26542 LA-1032, Denham Springs, LA 70726",Bobtail / Box Truck,4,,4,0,0.0,,15.00,65.00,150.00,0,
2026-08-23T07:05:58Z,"26542 LA-1032, Denham Springs, LA 70726",Bobtail / Box Truck,4,,4,0,0.0,,15.00,65.00,150.00,0,
2026-08-23T07:50:36Z,"26542 LA-1032, Denham Springs, LA 70726",Bobtail / Box Truck,4,,4,0,0.0,,15.00,65.00,150.00,0,
2026-08-23T08:52:14Z,"26542 LA-1032, Denham Springs, LA 70726",Bobtail / Box Truck,4,,4,0,0.0,,15.00,65.00,150.00,0,
2026-08-23T09:46:53Z,"26542 LA-1032, Denham Springs, LA 70726",Bobtail / Box Truck,4,,4,0,0.0,,15.00,65.00,150.00,0,
2026-08-23T10:44:40Z,"26542 LA-1032, Denham Springs, LA 70726",Bobtail / Box Truck,4,,4,0,0.0,,15.00,65.00,150.00,0,
2026-08-23T11:39:26Z,"26542 LA-1032, Denham Springs, LA 70726",Bobtail / Box Truck,4,,4,0,0.0,,15.00,65.00,150.00,0,
2026-08-23T13:05:30Z,"26542 LA-1032, Denham Springs, LA 70726",Bobtail / Box Truck,4,,4,0,0.0,,15.00,65.00,150.00,0,
2026-08-23T13:48:25Z,"26542 LA-1032, Denham Springs, LA 70726",Bobtail / Box Truck,4,,4,0,0.0,,15.00,65.00,150.00,0,
2026-08-23T14:43:55Z,"26542 LA-1032, Denham Springs, LA 70726",Bobtail / Box Truck,4,,4,0,0.0,,15.00,65.00,150.00,0,
2026-08-23T15:41:00Z,"26542 LA-1032, Denham Springs, LA 70726",Bobtail / Box Truck,4,,4,0,0.0,,15.00,65.00,150.00,0,
2026-08-23T16:45:45Z,"26542 LA-1032, Denham Springs, LA 70726",Bobtail / Box Truck,4,,4,0,0.0,,15.00,65.00,150.00,0,
2026-08-23T17:39:14Z,"26542 LA-1032, Denham Springs, LA 70726",Bobtail / Box Truck,4,,4,0,0.0,,15.00,65.00,150.00,0,
2026-08-23T18:51:46Z,"26542 LA-1032, Denham Springs, LA 70726",Bobtail / Box Truck,4,,4,0,0.0,,15.00,65.00,150.00,0,
2026-08-23T19:40:05Z,"26542 LA-1032, Denham Springs, LA 70726",Bobtail / Box Truck,4,,4,0,0.0,,15.00,65.00,150.00,0,
2026-08-23T20:43:01Z,"26542 LA-1032, Denham Springs, LA 70726",Bobtail / Box Truck,4,,4,0,0.0,,15.00,65.00,150.00,0,
2026-08-23T21:39:28Z,"26542 LA-1032, Denham Springs, LA 70726",Bobtail / Box Truck,4,,4,0,0.0,,15.00,65.00,150.00,0,
2026-08-23T22:42:19Z,"26542 LA-1032, Denham Springs, LA 70726",Bobtail / Box Truck,4,,4,0,0.0,,15.00,65.00,150.00,0,
2026-08-23T23:39:36Z,"26542 LA-1032, Denham Springs, LA 70726",Bobtail / Box Truck,4,,4,0,0.0,,15.00,65.00,150.00,0,
2026-08-24T02:00:16Z,"26542 LA-1032, Denham Springs, LA 70726",Bobtail / Box Truck,4,,4,0,0.0,,15.00,65.00,150.00,0,
2026-08-24T03:26:48Z,"26542 LA-1032, Denham Springs, LA 70726",Bobtail / Box Truck,4,,4,0,0.0,,15.00,65.00,150.00,0,
2026-08-24T05:05:33Z,"26542 LA-1032, Denham Springs, LA 70726",Bobtail / Box Truck,4,,4,0,0.0,,15.00,65.00,150.00,0,
2026-08-24T05:56:42Z,"26542 LA-1032, Denham Springs, LA 70726",Bobtail / Box Truck,4,,4,0,0.0,,15.00,65.00,150.00,0,
2026-08-24T07:32:09Z,"26542 LA-1032, Denham Springs, LA 70726",Bobtail / Box Truck,4,,4,0,0.0,,15.00,65.00,150.00,0,
2026-08-24T09:07:46Z,"26542 LA-1032, Denham Springs, LA 70726",Bobtail / Box Truck,4,,4,0,0.0,,15.00,65.00,150.00,0,
2026-08-24T10:07:08Z,"26542 LA-1032, Denham Springs, LA 70726",Bobtail / Box Truck,4,,4,0,0.0,,15.00,65.00,150.00,0,
2026-08-24T10:56:51Z,"26542 LA-1032, Denham Springs, LA 70726",Bobtail / Box Truck,4,,4,0,0.0,,15.00,65.00,150.00,0,
2026-08-24T11:47:36Z,"26542 LA-1032, Denham Springs, LA 70726",Bobtail / Box Truck,4,,4,0,0.0,,15.00,65.00,150.00,0,
2026-08-24T13:17:43Z,"26542 LA-1032, Denham Springs, LA 70726",Bobtail / Box Truck,4,,4,0,0.0,,15.00,65.00,150.00,0,
2026-08-24T14:05:45Z,"26542 LA-1032, Denham Springs, LA 70726",Bobtail / Box Truck,4,,4,0,0.0,,15.00,65.00,150.00,0,
2026-08-24T15:04:10Z,"26542 LA-1032, Denham Springs, LA 70726",Bobtail / Box Truck,4,,4,0,0.0,,15.00,65.00,150.00,0,
2026-08-24T15:58:58Z,"26542 LA-1032, Denham Springs, LA 70726",Bobtail / Box Truck,4,,4,0,0.0,,15.00,65.00,150.00,0,
2026-08-24T16:58:32Z,"26542 LA-1032, Denham Springs, LA 70726",Bobtail / Box Truck,4,,4,0,0.0,,15.00,65.00,150.00,0,
2026-08-24T17:50:23Z,"26542 LA-1032, Denham Springs, LA 70726",Bobtail / Box Truck,4,,4,0,0.0,,15.00,65.00,150.00,0,
2026-08-24T19:04:24Z,"26542 LA-1032, Denham Springs, LA 70726",Bobtail / Box Truck,4,,4,0,0.0,,15.00,65.00,150.00,0,
2026-08-24T19:48:00Z,"26542 LA-1032, Denham Springs, LA 70726",Bobtail / Box Truck,4,,4,0,0.0,,15.00,65.00,150.00,0,
2026-08-24T20:51:55Z,"26542 LA-1032, Denham Springs, LA 70726",Bobtail / Box Truck,4,,4,0,0.0,,15.00,65.00,150.00,0,
2026-08-24T21:47:49Z,"26542 LA-1032, Denham Springs, LA 70726",Bobtail / Box Truck,4,,4,0,0.0,,15.00,65.00,150.00,0,
2026-08-24T22:47:24Z,"26542 LA-1032, Denham Springs, LA 70726",Bobtail / Box Truck,4,,4,0,0.0,,15.00,65.00,150.00,0,
2026-08-24T23:40:30Z,"26542 LA-1032, Denham Springs, LA 70726",Bobtail / Box Truck,4,,4,0,0.0,,15.00,65.00,150.00,0,
2026-08-25T01:55:38Z,"26542 LA-1032, Denham Springs, LA 70726",Bobtail / Box Truck,4,,4,0,0.0,,15.00,65.00,150.00,0,
2026-08-25T03:14:42Z,"26542 LA-1032, Denham Springs, LA 70726",Bobtail / Box Truck,4,,4,0,0.0,,15.00,65.00,150.00,0,
2026-08-25T04:03:49Z,"26542 LA-1032, Denham Springs, LA 70726",Bobtail / Box Truck,4,,4,0,0.0,,15.00,65.00,150.00,0,
2026-08-25T04:57:37Z,"26542 LA-1032, Denham Springs, LA 70726",Bobtail / Box Truck,4,,4,0,0.0,,15.00,65.00,150.00,0,
2026-08-25T05:50:59Z,"26542 LA-1032, Denham Springs, LA 70726",Bobtail / Box Truck,4,,4,0,0.0,,15.00,65.00,150.00,0,
2026-08-25T07:12:15Z,"26542 LA-1032, Denham Springs, LA 70726",Bobtail / Box Truck,4,,4,0,0.0,,15.00,65.00,150.00,0,
2026-08-25T08:02:16Z,"26542 LA-1032, Denham Springs, LA 70726",Bobtail / Box Truck,4,,4,0,0.0,,15.00,65.00,150.00,0,
2026-08-25T09:03:04Z,"26542 LA-1032, Denham Springs, LA 70726",Bobtail / Box Truck,4,,4,0,0.0,,15.00,65.00,150.00,0,
2026-08-25T09:54:42Z,"26542 LA-1032, Denham Springs, LA 70726",Bobtail / Box Truck,4,,4,0,0.0,,15.00,65.00,150.00,0,
2026-08-25T10:53:56Z,"26542 LA-1032, Denham Springs, LA 70726",Bobtail / Box Truck,4,,4,0,0.0,,15.00,65.00,150.00,0,
2026-08-25T11:48:08Z,"26542 LA-1032, Denham Springs, LA 70726",Bobtail / Box Truck,4,,4,0,0.0,,15.00,65.00,150.00,0,
2026-08-25T13:15:35Z,"26542 LA-1032, Denham Springs, LA 70726",Bobtail / Box Truck,4,,4,0,0.0,,15.00,65.00,150.00,0,
2026-08-25T14:08:40Z,"26542 LA-1032, Denham Springs, LA 70726",Bobtail / Box Truck,4,,4,0,0.0,,15.00,65.00,150.00,0,
2026-08-25T15:09:07Z,"26542 LA-1032, Denham Springs, LA 70726",Bobtail / Box Truck,4,,4,0,0.0,,15.00,65.00,150.00,0,
2026-08-25T16:03:31Z,"26542 LA-1032, Denham Springs, LA 70726",Bobtail / Box Truck,4,,4,0,0.0,,15.00,65.00,150.00,0,
2026-08-25T16:59:29Z,"26542 LA-1032, Denham Springs, LA 70726",Bobtail / Box Truck,4,,4,0,0.0,,15.00,65.00,150.00,0,
2026-08-25T17:48:49Z,"26542 LA-1032, Denham Springs, LA 70726",Bobtail / Box Truck,4,,4,0,0.0,,15.00,65.00,150.00,0,
2026-08-25T19:02:44Z,"26542 LA-1032, Denham Springs, LA 70726",Bobtail / Box Truck,4,,4,0,0.0,,15.00,65.00,150.00,0,
2026-08-25T19:48:42Z,"26542 LA-1032, Denham Springs, LA 70726",Bobtail / Box Truck,4,,4,0,0.0,,15.00,65.00,150.00,0,
2026-08-25T20:49:50Z,"26542 LA-1032, Denham Springs, LA 70726",Bobtail / Box Truck,4,,4,0,0.0,,15.00,65.00,150.00,0,
2026-08-25T21:47:36Z,"26542 LA-1032, Denham Springs, LA 70726",Bobtail / Box Truck,4,,4,0,0.0,,15.00,65.00,150.00,0,
2026-08-25T22:48:44Z,"26542 LA-1032, Denham Springs, LA 70726",Bobtail / Box Truck,4,,4,0,0.0,,15.00,65.00,150.00,0,
2026-08-25T23:42:37Z,"26542 LA-1032, Denham Springs, LA 70726",Bobtail / Box Truck,4,,4,0,0.0,,15.00,65.00,150.00,0,
2026-08-26T02:01:39Z,"26542 LA-1032, Denham Springs, LA 70726",Bobtail / Box Truck,4,,4,0,0.0,,15.00,65.00,150.00,0,
2026-08-26T03:27:57Z,"26542 LA-1032, Denham Springs, LA 70726",Bobtail / Box Truck,4,,4,0,0.0,,15.00,65.00,150.00,0,
2026-08-26T04:58:57Z,"26542 LA-1032, Denham Springs, LA 70726",Bobtail / Box Truck,4,,4,0,0.0,,15.00,65.00,150.00,0,
2026-08-26T05:53:08Z,"26542 LA-1032, Denham Springs, LA 70726",Bobtail / Box Truck,4,,4,0,0.0,,15.00,65.00,150.00,0,
2026-08-26T07:12:19Z,"26542 LA-1032, Denham Springs, LA 70726",Bobtail / Box Truck,4,,4,0,0.0,,15.00,65.00,150.00,0,
2026-08-26T08:03:19Z,"26542 LA-1032, Denham Springs, LA 70726",Bobtail / Box Truck,4,,4,0,0.0,,15.00,65.00,150.00,0,
2026-08-26T09:05:48Z,"26542 LA-1032, Denham Springs, LA 70726",Bobtail / Box Truck,4,,4,0,0.0,,15.00,65.00,150.00,0,
2026-08-26T10:00:30Z,"26542 LA-1032, Denham Springs, LA 70726",Bobtail / Box Truck,4,,4,0,0.0,,15.00,65.00,150.00,0,
2026-08-26T10:54:22Z,"26542 LA-1032, Denham Springs, LA 70726",Bobtail / Box Truck,4,,4,0,0.0,,15.00,65.00,150.00,0,
2026-08-26T11:49:36Z,"26542 LA-1032, Denham Springs, LA 70726",Bobtail / Box Truck,4,,4,0,0.0,,15.00,65.00,150.00,0,
2026-08-26T13:27:04Z,"26542 LA-1032, Denham Springs, LA 70726",Bobtail / Box Truck,4,,4,0,0.0,,15.00,65.00,150.00,0,
2026-08-26T15:55:57Z,"26542 LA-1032, Denham Springs, LA 70726",Bobtail / Box Truck,4,,4,0,0.0,,15.00,65.00,150.00,0,
2026-08-26T18:07:37Z,"26542 LA-1032, Denham Springs, LA 70726",Bobtail / Box Truck,4,,4,0,0.0,,15.00,65.00,150.00,0,
2026-08-26T20:11:52Z,"26542 LA-1032, Denham Springs, LA 70726",Bobtail / Box Truck,4,,4,0,0.0,,15.00,65.00,150.00,0,
2026-08-26T23:43:48Z,"26542 LA-1032, Denham Springs, LA 70726",Bobtail / Box Truck,4,,4,0,0.0,,15.00,65.00,150.00,0,
2026-08-27T09:58:38Z,"26542 LA-1032, Denham Springs, LA 70726",Bobtail / Box Truck,4,,4,0,0.0,,15.00,65.00,150.00,0,
2026-08-27T20:35:15Z,"26542 LA-1032, Denham Springs, LA 70726",Bobtail / Box Truck,4,,4,0,0.0,,15.00,65.00,150.00,0,
2026-08-28T05:28:18Z,"26542 LA-1032, Denham Springs, LA 70726",Bobtail / Box Truck,4,,4,0,0.0,,15.00,65.00,150.00,0,
2026-08-28T18:49:18Z,"26542 LA-1032, Denham Springs, LA 70726",Bobtail / Box Truck,4,,4,0,0.0,,15.00,65.00,150.00,0,
2026-08-29T02:17:16Z,"26542 LA-1032, Denham Springs, LA 70726",Bobtail / Box Truck,4,,4,0,0.0,,15.00,65.00,150.00,0,
2026-08-29T09:09:09Z,"26542 LA-1032, Denham Springs, LA 70726",Bobtail / Box Truck,4,,4,0,0.0,,15.00,65.00,150.00,0,
2026-08-29T14:33:24Z,"26542 LA-1032, Denham Springs, LA 70726",Bobtail / Box Truck,4,,4,0,0.0,,15.00,65.00,150.00,0,
2026-08-29T18:38:02Z,"26542 LA-1032, Denham Springs, LA 70726",Bobtail / Box Truck,4,,4,0,0.0,,15.00,65.00,150.00,0,
2026-08-29T21:47:57Z,"26542 LA-1032, Denham Springs, LA 70726",Bobtail / Box Truck,4,,4,0,0.0,,15.00,65.00,150.00,0,
2026-08-30T00:25:44Z,"26542 LA-1032, Denham Springs, LA 70726",Bobtail / Box Truck,4,,4,0,0.0,,15.00,65.00,150.00,0,
2026-08-30T06:47:08Z,"26542 LA-1032, Denham Springs, LA 70726",Bobtail / Box Truck,4,,4,0,0.0,,15.00,65.00,150.00,0,
2026-08-30T12:58:57Z,"26542 LA-1032, Denham Springs, LA 70726",Bobtail / Box Truck,4,,4,0,0.0,,15.00,65.00,150.00,0,
2026-08-30T17:35:22Z,"26542 LA-1032, Denham Springs, LA 70726",Bobtail / Box Truck,4,,4,0,0.0,,15.00,65.00,150.00,0,
2026-08-30T21:13:31Z,"26542 LA-1032, Denham Springs, LA 70726",Bobtail / Box Truck,4,,4,0,0.0,,15.00,65.00,150.00,0,
2026-08-30T23:34:52Z,"26542 LA-1032, Denham Springs, LA 70726",Bobtail / Box Truck,4,,4,0,0.0,,15.00,65.00,150.00,0,
2026-08-31T05:45:42Z,"26542 LA-1032, Denham Springs, LA 70726",Bobtail / Box Truck,4,,4,0,0.0,,15.00,65.00,150.00,0,
2026-08-31T14:04:26Z,"26542 LA-1032, Denham Springs, LA 70726",Bobtail / Box Truck,4,,4,0,0.0,,15.00,65.00,150.00,0,
2026-08-31T20:11:19Z,"26542 LA-1032, Denham Springs, LA 70726",Bobtail / Box Truck,4,,4,0,0.0,,15.00,65.00,150.00,0,
2026-08-31T23:55:05Z,"26542 LA-1032, Denham Springs, LA 70726",Bobtail / Box Truck,4,,4,0,0.0,,15.00,65.00,150.00,0,
2026-09-01T05:19:01Z,"26542 LA-1032, Denham Springs, LA 70726",Bobtail / Box Truck,4,,4,0,0.0,,15.00,65.00,150.00,0,
2026-09-01T10:12:47Z,"26542 LA-1032, Denham Springs, LA 70726",Bobtail / Box Truck,4,,4,0,0.0,,15.00,65.00,150.00,0,
2026-09-01T14:57:54Z,"26542 LA-1032, Denham Springs, LA 70726",Bobtail / Box Truck,4,,4,0,0.0,,15.00,65.00,150.00,0,
2026-09-01T18:37:39Z,"26542 LA-1032, Denham Springs, LA 70726",Bobtail / Box Truck,4,,4,0,0.0,,15.00,65.00,150.00,0,
2026-09-01T21:50:35Z,"26542 LA-1032, Denham Springs, LA 70726",Bobtail / Box Truck,4,,4,0,0.0,,15.00,65.00,150.00,0,
2026-09-02T00:19:17Z,"26542 LA-1032, Denham Springs, LA 70726",Bobtail / Box Truck,4,,4,0,0.0,,15.00,65.00,150.00,0,
2026-09-02T04:45:04Z,"26542 LA-1032, Denham Springs, LA 70726",Bobtail / Box Truck,4,,4,0,0.0,,15.00,65.00,150.00,0,
2026-09-02T09:42:27Z,"26542 LA-1032, Denham Springs, LA 70726",Bobtail / Box Truck,4,,4,0,0.0,,15.00,65.00,150.00,0,
2026-09-02T14:32:57Z,"26542 LA-1032, Denham Springs, LA 70726",Bobtail / Box Truck,4,,4,0,0.0,,15.00,65.00,150.00,0,
2026-09-02T18:46:51Z,"26542 LA-1032, Denham Springs, LA 70726",Bobtail / Box Truck,4,,4,0,0.0,,15.00,65.00,150.00,0,
2026-09-02T21:52:36Z,"26542 LA-1032, Denham Springs, LA 70726",Bobtail / Box Truck,4,,4,0,0.0,,15.00,65.00,150.00,0,
2026-09-03T00:20:42Z,"26542 LA-1032, Denham Springs, LA 70726",Bobtail / Box Truck,4,,4,0,0.0,,15.00,65.00,150.00,0,
2026-09-03T04:43:04Z,"26542 LA-1032, Denham Springs, LA 70726",Bobtail / Box Truck,4,,4,0,0.0,,15.00,65.00,150.00,0,
2026-09-03T09:55:16Z,"26542 LA-1032, Denham Springs, LA 70726",Bobtail / Box Truck,4,,4,0,0.0,,15.00,65.00,150.00,0,
2026-09-03T14:37:27Z,"26542 LA-1032, Denham Springs, LA 70726",Bobtail / Box Truck,4,,4,0,0.0,,15.00,65.00,150.00,0,
2026-09-03T18:44:47Z,"26542 LA-1032, Denham Springs, LA 70726",Bobtail / Box Truck,4,,4,0,0.0,,15.00,65.00,150.00,0,
2026-09-03T21:45:41Z,"26542 LA-1032, Denham Springs, LA 70726",Bobtail / Box Truck,4,,4,0,0.0,,15.00,65.00,150.00,0,
2026-09-04T00:09:19Z,"26542 LA-1032, Denham Springs, LA 70726",Bobtail / Box Truck,4,,4,0,0.0,,15.00,65.00,150.00,0,
2026-09-04T04:42:29Z,"26542 LA-1032, Denham Springs, LA 70726",Bobtail / Box Truck,4,,4,0,0.0,,15.00,65.00,150.00,0,
2026-09-04T09:43:22Z,"26542 LA-1032, Denham Springs, LA 70726",Bobtail / Box Truck,4,,4,0,0.0,,15.00,65.00,150.00,0,
2026-09-04T14:24:21Z,"26542 LA-1032, Denham Springs, LA 70726",Bobtail / Box Truck,4,,4,0,0.0,,15.00,65.00,150.00,0,
2026-09-04T18:28:32Z,"26542 LA-1032, Denham Springs, LA 70726",Bobtail / Box Truck,4,,4,0,0.0,,15.00,65.00,150.00,0,
2026-09-04T21:33:16Z,"26542 LA-1032, Denham Springs, LA 70726",Bobtail / Box Truck,4,,4,0,0.0,,15.00,65.00,150.00,0,
