scraped_at_utc,url,metric,previous,current,change,note
2026-07-03T20:41:14Z,https://truckparkingclub.com/truck-parking/louisiana/baton-rouge/14015-florida-blvd-70819,total_available,3,2,-1,1 spot(s) newly occupied (booked) since last run
2026-07-03T20:41:14Z,https://truckparkingclub.com/truck-parking/louisiana/baton-rouge/14015-florida-blvd-70819,booking_amount_label,,100+,,listing's total-bookings badge changed
2026-07-03T20:41:14Z,https://truckparkingclub.com/truck-parking/louisiana/baton-rouge/17912-sotile-dr-70809,booking_amount_label,,10+,,listing's total-bookings badge changed
2026-07-03T20:41:14Z,https://truckparkingclub.com/truck-parking/louisiana/baton-rouge/10455-reiger-rd-70809,booking_amount_label,,10+,,listing's total-bookings badge changed
2026-07-03T20:41:14Z,https://truckparkingclub.com/truck-parking/louisiana/baton-rouge/2392-e-smiley-ave-70806,booking_amount_label,,100+,,listing's total-bookings badge changed
2026-07-03T20:41:14Z,https://truckparkingclub.com/truck-parking/louisiana/baton-rouge/6405-scenic-hwy-70807,booking_amount_label,,10+,,listing's total-bookings badge changed
2026-07-03T20:41:14Z,https://truckparkingclub.com/truck-parking/louisiana/baton-rouge/7802-howell-blvd-70807,booking_amount_label,,100+,,listing's total-bookings badge changed
2026-07-04T02:48:57Z,https://truckparkingclub.com/truck-parking/louisiana/baton-rouge/6903-cezanne-ave-70806,total_available,11,12,1,1 spot(s) freed (booking ended) since last run
2026-07-04T02:48:57Z,https://truckparkingclub.com/truck-parking/louisiana/baton-rouge/7802-howell-blvd-70807,total_available,6,5,-1,1 spot(s) newly occupied (booked) since last run
2026-07-04T06:38:09Z,https://truckparkingclub.com/truck-parking/louisiana/baton-rouge/2392-e-smiley-ave-70806,total_available,4,5,1,1 spot(s) freed (booking ended) since last run
2026-07-04T20:40:51Z,https://truckparkingclub.com/truck-parking/louisiana/baton-rouge/2392-e-smiley-ave-70806,total_available,5,6,1,1 spot(s) freed (booking ended) since last run
2026-07-05T05:51:11Z,https://truckparkingclub.com/truck-parking/louisiana/baton-rouge/14015-florida-blvd-70819,total_available,2,3,1,1 spot(s) freed (booking ended) since last run
2026-07-05T05:51:11Z,https://truckparkingclub.com/truck-parking/louisiana/baton-rouge/2392-e-smiley-ave-70806,total_available,6,7,1,1 spot(s) freed (booking ended) since last run
2026-07-05T15:04:15Z,https://truckparkingclub.com/truck-parking/louisiana/baton-rouge/14015-florida-blvd-70819,total_available,3,2,-1,1 spot(s) newly occupied (booked) since last run
2026-07-05T18:55:03Z,https://truckparkingclub.com/truck-parking/louisiana/baton-rouge/2392-e-smiley-ave-70806,total_available,7,6,-1,1 spot(s) newly occupied (booked) since last run
2026-07-05T20:09:18Z,https://truckparkingclub.com/truck-parking/louisiana/baton-rouge/2392-e-smiley-ave-70806,total_available,4,7,3,3 spot(s) freed (booking ended) since last run
2026-07-06T01:48:31Z,https://truckparkingclub.com/truck-parking/louisiana/baton-rouge/14015-florida-blvd-70819,total_available,2,3,1,1 spot(s) freed (booking ended) since last run
2026-07-06T01:48:31Z,https://truckparkingclub.com/truck-parking/louisiana/baton-rouge/2392-e-smiley-ave-70806,total_available,7,6,-1,1 spot(s) newly occupied (booked) since last run
2026-07-06T06:14:24Z,https://truckparkingclub.com/truck-parking/louisiana/baton-rouge/2392-e-smiley-ave-70806,total_available,6,7,1,1 spot(s) freed (booking ended) since last run
2026-07-07T01:11:03Z,https://truckparkingclub.com/truck-parking/louisiana/baton-rouge/14015-florida-blvd-70819,total_available,3,4,1,1 spot(s) freed (booking ended) since last run
2026-07-07T05:10:31Z,https://truckparkingclub.com/truck-parking/louisiana/baton-rouge/14015-florida-blvd-70819,total_available,4,5,1,1 spot(s) freed (booking ended) since last run
2026-07-07T05:10:31Z,https://truckparkingclub.com/truck-parking/louisiana/baton-rouge/2392-e-smiley-ave-70806,total_available,7,8,1,1 spot(s) freed (booking ended) since last run
2026-07-07T12:12:07Z,https://truckparkingclub.com/truck-parking/louisiana/baton-rouge/10455-reiger-rd-70809,total_available,2,1,-1,1 spot(s) newly occupied (booked) since last run
2026-07-08T06:41:02Z,https://truckparkingclub.com/truck-parking/louisiana/baton-rouge/14015-florida-blvd-70819,total_available,5,6,1,1 spot(s) freed (booking ended) since last run
2026-07-08T14:44:01Z,https://truckparkingclub.com/truck-parking/louisiana/baton-rouge/10455-reiger-rd-70809,total_available,1,2,1,1 spot(s) freed (booking ended) since last run
2026-07-08T14:44:01Z,https://truckparkingclub.com/truck-parking/louisiana/denham-springs/8350-florida-boulevard-70726,total_available,5,4,-1,1 spot(s) newly occupied (booked) since last run
2026-07-08T18:50:34Z,https://truckparkingclub.com/truck-parking/louisiana/baton-rouge/10455-reiger-rd-70809,total_available,2,1,-1,1 spot(s) newly occupied (booked) since last run
2026-07-09T05:16:16Z,https://truckparkingclub.com/truck-parking/louisiana/baton-rouge/14015-florida-blvd-70819,total_available,6,7,1,1 spot(s) freed (booking ended) since last run
2026-07-09T05:16:16Z,https://truckparkingclub.com/truck-parking/louisiana/baton-rouge/10455-reiger-rd-70809,total_available,1,2,1,1 spot(s) freed (booking ended) since last run
2026-07-09T08:48:55Z,https://truckparkingclub.com/truck-parking/louisiana/baton-rouge/14015-florida-blvd-70819,total_available,7,6,-1,1 spot(s) newly occupied (booked) since last run
2026-07-09T18:13:23Z,https://truckparkingclub.com/truck-parking/louisiana/baton-rouge/10455-reiger-rd-70809,total_available,2,1,-1,1 spot(s) newly occupied (booked) since last run
2026-07-10T17:12:44Z,https://truckparkingclub.com/truck-parking/louisiana/baton-rouge/14015-florida-blvd-70819,total_available,6,5,-1,1 spot(s) newly occupied (booked) since last run
2026-07-10T22:28:08Z,https://truckparkingclub.com/truck-parking/louisiana/baton-rouge/14015-florida-blvd-70819,total_available,5,4,-1,1 spot(s) newly occupied (booked) since last run
2026-07-11T00:13:30Z,https://truckparkingclub.com/truck-parking/louisiana/baton-rouge/7802-howell-blvd-70807,total_available,5,4,-1,1 spot(s) newly occupied (booked) since last run
2026-07-11T06:29:17Z,https://truckparkingclub.com/truck-parking/louisiana/baton-rouge/10455-reiger-rd-70809,total_available,1,2,1,1 spot(s) freed (booking ended) since last run
2026-07-11T09:00:59Z,https://truckparkingclub.com/truck-parking/louisiana/baton-rouge/7802-howell-blvd-70807,total_available,4,5,1,1 spot(s) freed (booking ended) since last run
2026-07-11T10:36:20Z,https://truckparkingclub.com/truck-parking/louisiana/baton-rouge/10455-reiger-rd-70809,total_available,2,1,-1,1 spot(s) newly occupied (booked) since last run
2026-07-11T21:09:20Z,https://truckparkingclub.com/truck-parking/louisiana/baton-rouge/7802-howell-blvd-70807,total_available,5,4,-1,1 spot(s) newly occupied (booked) since last run
2026-07-12T07:03:54Z,https://truckparkingclub.com/truck-parking/louisiana/baton-rouge/7802-howell-blvd-70807,total_available,4,5,1,1 spot(s) freed (booking ended) since last run
2026-07-12T09:20:24Z,https://truckparkingclub.com/truck-parking/louisiana/baton-rouge/10455-reiger-rd-70809,total_available,1,0,-1,1 spot(s) newly occupied (booked) since last run
2026-07-12T09:20:24Z,https://truckparkingclub.com/truck-parking/louisiana/baton-rouge/10455-reiger-rd-70809,booking_amount_label,10+,100+,,listing's total-bookings badge changed
2026-07-12T13:59:00Z,https://truckparkingclub.com/truck-parking/louisiana/baton-rouge/2392-e-smiley-ave-70806,total_available,8,7,-1,1 spot(s) newly occupied (booked) since last run
2026-07-12T15:28:19Z,https://truckparkingclub.com/truck-parking/louisiana/baton-rouge/2392-e-smiley-ave-70806,total_available,7,6,-1,1 spot(s) newly occupied (booked) since last run
2026-07-12T19:34:17Z,https://truckparkingclub.com/truck-parking/louisiana/baton-rouge/10455-reiger-rd-70809,total_available,0,1,1,1 spot(s) freed (booking ended) since last run
2026-07-12T19:34:17Z,https://truckparkingclub.com/truck-parking/louisiana/baton-rouge/2392-e-smiley-ave-70806,total_available,6,7,1,1 spot(s) freed (booking ended) since last run
2026-07-12T21:09:08Z,https://truckparkingclub.com/truck-parking/louisiana/baton-rouge/2392-e-smiley-ave-70806,total_available,7,6,-1,1 spot(s) newly occupied (booked) since last run
2026-07-12T22:10:22Z,https://truckparkingclub.com/truck-parking/louisiana/baton-rouge/14015-florida-blvd-70819,total_available,4,3,-1,1 spot(s) newly occupied (booked) since last run
2026-07-12T23:12:06Z,https://truckparkingclub.com/truck-parking/louisiana/baton-rouge/2392-e-smiley-ave-70806,total_available,6,7,1,1 spot(s) freed (booking ended) since last run
2026-07-13T11:32:21Z,https://truckparkingclub.com/truck-parking/louisiana/baton-rouge/10455-reiger-rd-70809,total_available,1,2,1,1 spot(s) freed (booking ended) since last run
2026-07-14T00:10:31Z,https://truckparkingclub.com/truck-parking/louisiana/baton-rouge/10455-reiger-rd-70809,total_available,2,1,-1,1 spot(s) newly occupied (booked) since last run
2026-07-14T09:19:53Z,https://truckparkingclub.com/truck-parking/louisiana/baton-rouge/10455-reiger-rd-70809,total_available,1,0,-1,1 spot(s) newly occupied (booked) since last run
2026-07-14T18:33:24Z,https://truckparkingclub.com/truck-parking/louisiana/baton-rouge/7802-howell-blvd-70807,total_available,5,4,-1,1 spot(s) newly occupied (booked) since last run
2026-07-15T00:09:04Z,https://truckparkingclub.com/truck-parking/louisiana/baton-rouge/10455-reiger-rd-70809,total_available,0,1,1,1 spot(s) freed (booking ended) since last run
2026-07-15T03:40:34Z,https://truckparkingclub.com/truck-parking/louisiana/baton-rouge/14015-florida-blvd-70819,total_available,3,2,-1,1 spot(s) newly occupied (booked) since last run
2026-07-15T03:40:34Z,https://truckparkingclub.com/truck-parking/louisiana/port-allen/1467-court-st-70767,total_available,10,9,-1,1 spot(s) newly occupied (booked) since last run
2026-07-15T14:15:01Z,https://truckparkingclub.com/truck-parking/louisiana/denham-springs/8350-florida-boulevard-70726,total_available,4,5,1,1 spot(s) freed (booking ended) since last run
2026-07-15T19:40:14Z,https://truckparkingclub.com/truck-parking/louisiana/baton-rouge/14015-florida-blvd-70819,total_available,2,3,1,1 spot(s) freed (booking ended) since last run
2026-07-15T22:16:52Z,https://truckparkingclub.com/truck-parking/louisiana/baton-rouge/7802-howell-blvd-70807,total_available,4,5,1,1 spot(s) freed (booking ended) since last run
2026-07-16T03:43:11Z,https://truckparkingclub.com/truck-parking/louisiana/baton-rouge/14015-florida-blvd-70819,total_available,3,2,-1,1 spot(s) newly occupied (booked) since last run
2026-07-16T03:43:11Z,https://truckparkingclub.com/truck-parking/louisiana/baton-rouge/7802-howell-blvd-70807,total_available,5,4,-1,1 spot(s) newly occupied (booked) since last run
2026-07-16T03:43:11Z,https://truckparkingclub.com/truck-parking/louisiana/port-allen/1467-court-st-70767,total_available,9,10,1,1 spot(s) freed (booking ended) since last run
2026-07-16T06:35:16Z,https://truckparkingclub.com/truck-parking/louisiana/port-allen/1467-court-st-70767,total_available,10,9,-1,1 spot(s) newly occupied (booked) since last run
2026-07-16T09:32:21Z,https://truckparkingclub.com/truck-parking/louisiana/baton-rouge/10455-reiger-rd-70809,total_available,1,2,1,1 spot(s) freed (booking ended) since last run
2026-07-16T16:44:58Z,https://truckparkingclub.com/truck-parking/louisiana/baton-rouge/10455-reiger-rd-70809,total_available,2,1,-1,1 spot(s) newly occupied (booked) since last run
2026-07-16T16:44:58Z,https://truckparkingclub.com/truck-parking/louisiana/baton-rouge/7802-howell-blvd-70807,total_available,4,3,-1,1 spot(s) newly occupied (booked) since last run
2026-07-16T23:13:52Z,https://truckparkingclub.com/truck-parking/louisiana/baton-rouge/7802-howell-blvd-70807,total_available,3,4,1,1 spot(s) freed (booking ended) since last run
2026-07-17T03:42:45Z,https://truckparkingclub.com/truck-parking/louisiana/baton-rouge/14015-florida-blvd-70819,total_available,2,3,1,1 spot(s) freed (booking ended) since last run
2026-07-17T06:31:09Z,https://truckparkingclub.com/truck-parking/louisiana/baton-rouge/7802-howell-blvd-70807,total_available,4,5,1,1 spot(s) freed (booking ended) since last run
2026-07-17T06:31:09Z,https://truckparkingclub.com/truck-parking/louisiana/port-allen/1467-court-st-70767,total_available,9,10,1,1 spot(s) freed (booking ended) since last run
2026-07-17T15:47:37Z,https://truckparkingclub.com/truck-parking/louisiana/baton-rouge/14015-florida-blvd-70819,total_available,3,2,-1,1 spot(s) newly occupied (booked) since last run
2026-07-17T22:08:55Z,https://truckparkingclub.com/truck-parking/louisiana/baton-rouge/10455-reiger-rd-70809,total_available,1,2,1,1 spot(s) freed (booking ended) since last run
2026-07-17T23:11:20Z,https://truckparkingclub.com/truck-parking/louisiana/baton-rouge/14015-florida-blvd-70819,total_available,2,1,-1,1 spot(s) newly occupied (booked) since last run
2026-07-18T06:23:32Z,https://truckparkingclub.com/truck-parking/louisiana/baton-rouge/14015-florida-blvd-70819,total_available,1,0,-1,1 spot(s) newly occupied (booked) since last run
2026-07-18T21:08:29Z,https://truckparkingclub.com/truck-parking/louisiana/baton-rouge/2392-e-smiley-ave-70806,total_available,7,6,-1,1 spot(s) newly occupied (booked) since last run
2026-07-18T23:13:56Z,https://truckparkingclub.com/truck-parking/louisiana/baton-rouge/14015-florida-blvd-70819,total_available,0,1,1,1 spot(s) freed (booking ended) since last run
2026-07-19T06:44:54Z,https://truckparkingclub.com/truck-parking/louisiana/baton-rouge/14015-florida-blvd-70819,total_available,1,0,-1,1 spot(s) newly occupied (booked) since last run
2026-07-19T19:36:11Z,https://truckparkingclub.com/truck-parking/louisiana/baton-rouge/2392-e-smiley-ave-70806,total_available,6,7,1,1 spot(s) freed (booking ended) since last run
2026-07-19T21:10:05Z,https://truckparkingclub.com/truck-parking/louisiana/baton-rouge/2392-e-smiley-ave-70806,total_available,7,8,1,1 spot(s) freed (booking ended) since last run
2026-07-19T22:11:42Z,https://truckparkingclub.com/truck-parking/louisiana/baton-rouge/14015-florida-blvd-70819,total_available,0,1,1,1 spot(s) freed (booking ended) since last run
2026-07-19T22:11:42Z,https://truckparkingclub.com/truck-parking/louisiana/baton-rouge/2392-e-smiley-ave-70806,total_available,8,7,-1,1 spot(s) newly occupied (booked) since last run
2026-07-20T04:09:24Z,https://truckparkingclub.com/truck-parking/louisiana/baton-rouge/2392-e-smiley-ave-70806,total_available,7,6,-1,1 spot(s) newly occupied (booked) since last run
2026-07-20T04:09:24Z,https://truckparkingclub.com/truck-parking/louisiana/baton-rouge/10455-reiger-rd-70809-bobtails,total_available,3,2,-1,1 spot(s) newly occupied (booked) since last run
2026-07-20T18:24:10Z,https://truckparkingclub.com/truck-parking/louisiana/baton-rouge/14015-florida-blvd-70819,total_available,1,2,1,1 spot(s) freed (booking ended) since last run
2026-07-20T18:24:10Z,https://truckparkingclub.com/truck-parking/louisiana/baton-rouge/10455-reiger-rd-70809,total_available,2,1,-1,1 spot(s) newly occupied (booked) since last run
2026-07-20T20:44:05Z,https://truckparkingclub.com/truck-parking/louisiana/baton-rouge/14015-florida-blvd-70819,total_available,2,3,1,1 spot(s) freed (booking ended) since last run
2026-07-20T22:16:17Z,https://truckparkingclub.com/truck-parking/louisiana/baton-rouge/2392-e-smiley-ave-70806,total_available,6,7,1,1 spot(s) freed (booking ended) since last run
2026-07-21T03:51:14Z,https://truckparkingclub.com/truck-parking/louisiana/baton-rouge/7802-howell-blvd-70807,total_available,5,6,1,1 spot(s) freed (booking ended) since last run
2026-07-21T12:02:53Z,https://truckparkingclub.com/truck-parking/louisiana/baton-rouge/2392-e-smiley-ave-70806,total_available,7,8,1,1 spot(s) freed (booking ended) since last run
2026-07-21T18:43:34Z,https://truckparkingclub.com/truck-parking/louisiana/baton-rouge/14015-florida-blvd-70819,total_available,3,4,1,1 spot(s) freed (booking ended) since last run
2026-07-21T18:43:34Z,https://truckparkingclub.com/truck-parking/louisiana/baton-rouge/10455-reiger-rd-70809,total_available,1,2,1,1 spot(s) freed (booking ended) since last run
2026-07-21T20:38:18Z,https://truckparkingclub.com/truck-parking/louisiana/baton-rouge/10455-reiger-rd-70809,total_available,2,1,-1,1 spot(s) newly occupied (booked) since last run
2026-07-21T22:14:13Z,https://truckparkingclub.com/truck-parking/louisiana/baton-rouge/17912-sotile-dr-70809,total_available,3,2,-1,1 spot(s) newly occupied (booked) since last run
2026-07-21T23:15:07Z,https://truckparkingclub.com/truck-parking/louisiana/baton-rouge/14015-florida-blvd-70819,total_available,4,3,-1,1 spot(s) newly occupied (booked) since last run
2026-07-22T09:42:18Z,https://truckparkingclub.com/truck-parking/louisiana/baton-rouge/14015-florida-blvd-70819,total_available,3,4,1,1 spot(s) freed (booking ended) since last run
2026-07-22T14:29:26Z,https://truckparkingclub.com/truck-parking/louisiana/baton-rouge/14015-florida-blvd-70819,total_available,4,3,-1,1 spot(s) newly occupied (booked) since last run
2026-07-22T16:52:19Z,https://truckparkingclub.com/truck-parking/louisiana/port-allen/4747-river-road-70767,price_daily_usd,20.00,15.00,,
2026-07-22T16:52:19Z,https://truckparkingclub.com/truck-parking/louisiana/port-allen/4747-river-road-70767,price_weekly_usd,80.00,60.00,,
2026-07-22T16:52:19Z,https://truckparkingclub.com/truck-parking/louisiana/port-allen/4747-river-road-70767,price_monthly_usd,200.00,150.00,,
2026-07-23T00:15:53Z,https://truckparkingclub.com/truck-parking/louisiana/baton-rouge/17912-sotile-dr-70809,total_available,2,3,1,1 spot(s) freed (booking ended) since last run
2026-07-23T00:15:53Z,https://truckparkingclub.com/truck-parking/louisiana/baton-rouge/10455-reiger-rd-70809,total_available,1,2,1,1 spot(s) freed (booking ended) since last run
2026-07-23T14:37:08Z,https://truckparkingclub.com/truck-parking/louisiana/baton-rouge/14015-florida-blvd-70819,total_available,3,2,-1,1 spot(s) newly occupied (booked) since last run
2026-07-23T18:40:08Z,https://truckparkingclub.com/truck-parking/louisiana/baton-rouge/14015-florida-blvd-70819,total_available,2,4,2,2 spot(s) freed (booking ended) since last run
2026-07-23T18:40:08Z,https://truckparkingclub.com/truck-parking/louisiana/baton-rouge/7802-howell-blvd-70807,total_available,6,7,1,1 spot(s) freed (booking ended) since last run
2026-07-23T22:17:52Z,https://truckparkingclub.com/truck-parking/louisiana/baton-rouge/14015-florida-blvd-70819,total_available,4,3,-1,1 spot(s) newly occupied (booked) since last run
2026-07-23T22:17:52Z,https://truckparkingclub.com/truck-parking/louisiana/baton-rouge/2392-e-smiley-ave-70806,total_available,8,7,-1,1 spot(s) newly occupied (booked) since last run
2026-07-23T23:15:07Z,https://truckparkingclub.com/truck-parking/louisiana/baton-rouge/14015-florida-blvd-70819,total_available,3,4,1,1 spot(s) freed (booking ended) since last run
2026-07-24T17:55:00Z,https://truckparkingclub.com/truck-parking/louisiana/denham-springs/23286-springhill-dr-70726,total_available,2,1,-1,1 spot(s) newly occupied (booked) since last run
2026-07-25T03:43:10Z,https://truckparkingclub.com/truck-parking/louisiana/baton-rouge/14015-florida-blvd-70819,total_available,4,3,-1,1 spot(s) newly occupied (booked) since last run
2026-07-25T03:43:10Z,https://truckparkingclub.com/truck-parking/louisiana/baton-rouge/10455-reiger-rd-70809-bobtails,total_available,2,3,1,1 spot(s) freed (booking ended) since last run
2026-07-25T06:32:04Z,https://truckparkingclub.com/truck-parking/louisiana/baton-rouge/10455-reiger-rd-70809,total_available,2,1,-1,1 spot(s) newly occupied (booked) since last run
2026-07-25T10:47:23Z,https://truckparkingclub.com/truck-parking/louisiana/port-allen/1956-court-st-70767,total_available,50,49,-1,1 spot(s) newly occupied (booked) since last run
2026-07-25T19:38:07Z,https://truckparkingclub.com/truck-parking/louisiana/port-allen/1956-court-st-70767,total_available,49,50,1,1 spot(s) freed (booking ended) since last run
2026-07-25T22:13:11Z,https://truckparkingclub.com/truck-parking/louisiana/port-allen/1956-court-st-70767,total_available,50,49,-1,1 spot(s) newly occupied (booked) since last run
2026-07-26T00:16:38Z,https://truckparkingclub.com/truck-parking/louisiana/port-allen/1956-court-st-70767,total_available,49,48,-1,1 spot(s) newly occupied (booked) since last run
2026-07-26T19:39:33Z,https://truckparkingclub.com/truck-parking/louisiana/denham-springs/23286-springhill-dr-70726,total_available,1,2,1,1 spot(s) freed (booking ended) since last run
2026-07-27T04:08:18Z,https://truckparkingclub.com/truck-parking/louisiana/baton-rouge/14015-florida-blvd-70819,total_available,3,1,-2,2 spot(s) newly occupied (booked) since last run
2026-07-27T04:08:18Z,https://truckparkingclub.com/truck-parking/louisiana/baton-rouge/2392-e-smiley-ave-70806,total_available,7,8,1,1 spot(s) freed (booking ended) since last run
2026-07-27T04:08:18Z,https://truckparkingclub.com/truck-parking/louisiana/port-allen/1956-court-st-70767,total_available,48,49,1,1 spot(s) freed (booking ended) since last run
2026-07-27T07:56:27Z,https://truckparkingclub.com/truck-parking/louisiana/baton-rouge/14015-florida-blvd-70819,total_available,1,2,1,1 spot(s) freed (booking ended) since last run
2026-07-27T07:56:27Z,https://truckparkingclub.com/truck-parking/louisiana/port-allen/1956-court-st-70767,total_available,49,50,1,1 spot(s) freed (booking ended) since last run
2026-07-27T11:44:56Z,https://truckparkingclub.com/truck-parking/louisiana/baton-rouge/10455-reiger-rd-70809,total_available,1,0,-1,1 spot(s) newly occupied (booked) since last run
2026-07-27T11:44:56Z,https://truckparkingclub.com/truck-parking/louisiana/denham-springs/23286-springhill-dr-70726,total_available,2,1,-1,1 spot(s) newly occupied (booked) since last run
2026-07-27T18:50:46Z,https://truckparkingclub.com/truck-parking/louisiana/baton-rouge/10455-reiger-rd-70809,total_available,0,1,1,1 spot(s) freed (booking ended) since last run
2026-07-27T20:46:46Z,https://truckparkingclub.com/truck-parking/louisiana/baton-rouge/10455-reiger-rd-70809,total_available,1,0,-1,1 spot(s) newly occupied (booked) since last run
2026-07-28T00:13:29Z,https://truckparkingclub.com/truck-parking/louisiana/baton-rouge/7802-howell-blvd-70807,total_available,7,6,-1,1 spot(s) newly occupied (booked) since last run
2026-07-28T03:42:16Z,https://truckparkingclub.com/truck-parking/louisiana/baton-rouge/14015-florida-blvd-70819,total_available,2,3,1,1 spot(s) freed (booking ended) since last run
2026-07-28T03:42:16Z,https://truckparkingclub.com/truck-parking/louisiana/baton-rouge/2392-e-smiley-ave-70806,total_available,8,7,-1,1 spot(s) newly occupied (booked) since last run
2026-07-28T09:58:56Z,https://truckparkingclub.com/truck-parking/louisiana/denham-springs/23286-springhill-dr-70726,total_available,1,2,1,1 spot(s) freed (booking ended) since last run
2026-07-28T09:58:56Z,https://truckparkingclub.com/truck-parking/louisiana/port-allen/1467-court-st-70767,total_available,10,9,-1,1 spot(s) newly occupied (booked) since last run
2026-07-28T12:16:25Z,https://truckparkingclub.com/truck-parking/louisiana/denham-springs/23286-springhill-dr-70726,total_available,2,1,-1,1 spot(s) newly occupied (booked) since last run
2026-07-29T00:13:15Z,https://truckparkingclub.com/truck-parking/louisiana/baton-rouge/7802-howell-blvd-70807,total_available,6,5,-1,1 spot(s) newly occupied (booked) since last run
2026-07-29T03:45:28Z,https://truckparkingclub.com/truck-parking/louisiana/baton-rouge/10455-reiger-rd-70809,total_available,0,1,1,1 spot(s) freed (booking ended) since last run
2026-07-29T03:45:28Z,https://truckparkingclub.com/truck-parking/louisiana/baton-rouge/2392-e-smiley-ave-70806,total_available,7,8,1,1 spot(s) freed (booking ended) since last run
2026-07-29T07:07:47Z,https://truckparkingclub.com/truck-parking/louisiana/baton-rouge/10455-reiger-rd-70809,total_available,1,0,-1,1 spot(s) newly occupied (booked) since last run
2026-07-29T10:00:33Z,https://truckparkingclub.com/truck-parking/louisiana/port-allen/1467-court-st-70767,total_available,9,10,1,1 spot(s) freed (booking ended) since last run
2026-07-29T15:22:41Z,https://truckparkingclub.com/truck-parking/louisiana/denham-springs/23286-springhill-dr-70726,total_available,1,2,1,1 spot(s) freed (booking ended) since last run
2026-07-29T19:48:14Z,https://truckparkingclub.com/truck-parking/louisiana/denham-springs/23286-springhill-dr-70726,price_monthly_usd,230.00,150.00,,
2026-07-30T06:45:12Z,https://truckparkingclub.com/truck-parking/louisiana/baton-rouge/7802-howell-blvd-70807,total_available,5,4,-1,1 spot(s) newly occupied (booked) since last run
2026-07-30T09:46:01Z,https://truckparkingclub.com/truck-parking/louisiana/baton-rouge/10455-reiger-rd-70809,total_available,0,1,1,1 spot(s) freed (booking ended) since last run
2026-07-30T18:50:42Z,https://truckparkingclub.com/truck-parking/louisiana/port-allen/1467-court-st-70767,total_available,10,6,-4,4 spot(s) newly occupied (booked) since last run
2026-07-30T20:37:18Z,https://truckparkingclub.com/truck-parking/louisiana/baton-rouge/2392-e-smiley-ave-70806,total_available,8,7,-1,1 spot(s) newly occupied (booked) since last run
2026-07-30T22:30:05Z,https://truckparkingclub.com/truck-parking/louisiana/baton-rouge/2392-e-smiley-ave-70806,total_available,7,5,-2,2 spot(s) newly occupied (booked) since last run
2026-07-31T03:55:22Z,https://truckparkingclub.com/truck-parking/louisiana/baton-rouge/14015-florida-blvd-70819,total_available,3,4,1,1 spot(s) freed (booking ended) since last run
2026-07-31T18:48:10Z,https://truckparkingclub.com/truck-parking/louisiana/baton-rouge/14015-florida-blvd-70819,total_available,4,3,-1,1 spot(s) newly occupied (booked) since last run
2026-07-31T18:48:10Z,https://truckparkingclub.com/truck-parking/louisiana/port-allen/1467-court-st-70767,total_available,6,10,4,4 spot(s) freed (booking ended) since last run
2026-07-31T20:37:48Z,https://truckparkingclub.com/truck-parking/louisiana/baton-rouge/2392-e-smiley-ave-70806,total_available,5,6,1,1 spot(s) freed (booking ended) since last run
2026-08-01T06:43:06Z,https://truckparkingclub.com/truck-parking/louisiana/baton-rouge/2392-e-smiley-ave-70806,total_available,6,8,2,2 spot(s) freed (booking ended) since last run
2026-08-01T06:43:06Z,https://truckparkingclub.com/truck-parking/louisiana/baton-rouge/7802-howell-blvd-70807,total_available,4,6,2,2 spot(s) freed (booking ended) since last run
2026-08-01T11:36:24Z,https://truckparkingclub.com/truck-parking/louisiana/baton-rouge/10455-reiger-rd-70809,total_available,1,2,1,1 spot(s) freed (booking ended) since last run
2026-08-01T14:02:00Z,https://truckparkingclub.com/truck-parking/louisiana/baton-rouge/10455-reiger-rd-70809,total_available,2,1,-1,1 spot(s) newly occupied (booked) since last run
2026-08-01T22:13:58Z,https://truckparkingclub.com/truck-parking/louisiana/baton-rouge/7802-howell-blvd-70807,total_available,6,5,-1,1 spot(s) newly occupied (booked) since last run
2026-08-02T07:03:25Z,https://truckparkingclub.com/truck-parking/louisiana/baton-rouge/14015-florida-blvd-70819,total_available,3,2,-1,1 spot(s) newly occupied (booked) since last run
2026-08-03T07:51:31Z,https://truckparkingclub.com/truck-parking/louisiana/baton-rouge/7802-howell-blvd-70807,total_available,5,6,1,1 spot(s) freed (booking ended) since last run
2026-08-03T11:49:07Z,https://truckparkingclub.com/truck-parking/louisiana/port-allen/1467-court-st-70767,total_available,10,9,-1,1 spot(s) newly occupied (booked) since last run
2026-08-03T17:21:48Z,https://truckparkingclub.com/truck-parking/louisiana/baton-rouge/10455-reiger-rd-70809,total_available,1,2,1,1 spot(s) freed (booking ended) since last run
2026-08-03T17:21:48Z,https://truckparkingclub.com/truck-parking/louisiana/denham-springs/26542-louisiana-1032-70726,price_hourly_usd,15.00,,,
2026-08-03T17:21:48Z,https://truckparkingclub.com/truck-parking/louisiana/denham-springs/26542-louisiana-1032-70726,price_daily_usd,65.00,15.00,,
2026-08-03T17:21:48Z,https://truckparkingclub.com/truck-parking/louisiana/denham-springs/26542-louisiana-1032-70726,price_weekly_usd,175.00,65.00,,
2026-08-03T17:21:48Z,https://truckparkingclub.com/truck-parking/louisiana/denham-springs/26542-louisiana-1032-70726,price_monthly_usd,,150.00,,
2026-08-03T18:59:59Z,https://truckparkingclub.com/truck-parking/louisiana/baton-rouge/10455-reiger-rd-70809,total_available,2,1,-1,1 spot(s) newly occupied (booked) since last run
2026-08-04T03:42:58Z,https://truckparkingclub.com/truck-parking/louisiana/baton-rouge/14015-florida-blvd-70819,total_available,2,1,-1,1 spot(s) newly occupied (booked) since last run
2026-08-04T06:44:22Z,https://truckparkingclub.com/truck-parking/louisiana/baton-rouge/10455-reiger-rd-70809,total_available,1,2,1,1 spot(s) freed (booking ended) since last run
2026-08-04T14:45:19Z,https://truckparkingclub.com/truck-parking/louisiana/port-allen/1467-court-st-70767,total_available,9,10,1,1 spot(s) freed (booking ended) since last run
2026-08-04T18:58:07Z,https://truckparkingclub.com/truck-parking/louisiana/baton-rouge/2392-e-smiley-ave-70806,total_available,8,7,-1,1 spot(s) newly occupied (booked) since last run
2026-08-05T03:39:46Z,https://truckparkingclub.com/truck-parking/louisiana/port-allen/1467-court-st-70767,total_available,10,9,-1,1 spot(s) newly occupied (booked) since last run
2026-08-05T18:57:10Z,https://truckparkingclub.com/truck-parking/louisiana/baton-rouge/2392-e-smiley-ave-70806,total_available,7,8,1,1 spot(s) freed (booking ended) since last run
2026-08-05T20:40:52Z,https://truckparkingclub.com/truck-parking/louisiana/baton-rouge/14015-florida-blvd-70819,total_available,1,0,-1,1 spot(s) newly occupied (booked) since last run
2026-08-06T03:45:10Z,https://truckparkingclub.com/truck-parking/louisiana/port-allen/1467-court-st-70767,total_available,9,10,1,1 spot(s) freed (booking ended) since last run
2026-08-07T00:44:45Z,https://truckparkingclub.com/truck-parking/louisiana/baton-rouge/14015-florida-blvd-70819,total_available,0,1,1,1 spot(s) freed (booking ended) since last run
2026-08-07T04:04:32Z,https://truckparkingclub.com/truck-parking/louisiana/baton-rouge/14015-florida-blvd-70819,total_available,1,2,1,1 spot(s) freed (booking ended) since last run
2026-08-07T13:42:37Z,https://truckparkingclub.com/truck-parking/louisiana/baton-rouge/14015-florida-blvd-70819,total_available,2,1,-1,1 spot(s) newly occupied (booked) since last run
2026-08-07T13:42:37Z,https://truckparkingclub.com/truck-parking/louisiana/baton-rouge/7802-howell-blvd-70807,total_available,6,5,-1,1 spot(s) newly occupied (booked) since last run
2026-08-07T16:11:42Z,https://truckparkingclub.com/truck-parking/louisiana/baton-rouge/14015-florida-blvd-70819,total_available,1,0,-1,1 spot(s) newly occupied (booked) since last run
2026-08-08T15:49:58Z,https://truckparkingclub.com/truck-parking/louisiana/baton-rouge/17912-sotile-dr-70809,total_available,3,2,-1,1 spot(s) newly occupied (booked) since last run
2026-08-09T19:51:39Z,https://truckparkingclub.com/truck-parking/louisiana/baton-rouge/10455-reiger-rd-70809,total_available,2,1,-1,1 spot(s) newly occupied (booked) since last run
2026-08-10T13:48:46Z,https://truckparkingclub.com/truck-parking/louisiana/baton-rouge/14015-florida-blvd-70819,total_available,0,1,1,1 spot(s) freed (booking ended) since last run
2026-08-10T17:12:58Z,https://truckparkingclub.com/truck-parking/louisiana/baton-rouge/14015-florida-blvd-70819,total_available,1,2,1,1 spot(s) freed (booking ended) since last run
2026-08-10T17:12:58Z,https://truckparkingclub.com/truck-parking/louisiana/baton-rouge/17912-sotile-dr-70809,total_available,2,3,1,1 spot(s) freed (booking ended) since last run
2026-08-10T19:25:04Z,https://truckparkingclub.com/truck-parking/louisiana/baton-rouge/7802-howell-blvd-70807,total_available,5,6,1,1 spot(s) freed (booking ended) since last run
2026-08-10T22:01:08Z,https://truckparkingclub.com/truck-parking/louisiana/baton-rouge/10455-reiger-rd-70809,total_available,1,2,1,1 spot(s) freed (booking ended) since last run
2026-08-11T18:10:08Z,https://truckparkingclub.com/truck-parking/louisiana/baton-rouge/14015-florida-blvd-70819,total_available,2,3,1,1 spot(s) freed (booking ended) since last run
2026-08-11T21:07:29Z,https://truckparkingclub.com/truck-parking/louisiana/baton-rouge/7802-howell-blvd-70807,total_available,6,5,-1,1 spot(s) newly occupied (booked) since last run
2026-08-11T21:07:29Z,https://truckparkingclub.com/truck-parking/louisiana/port-allen/1467-court-st-70767,total_available,10,9,-1,1 spot(s) newly occupied (booked) since last run
2026-08-12T18:10:17Z,https://truckparkingclub.com/truck-parking/louisiana/baton-rouge/14015-florida-blvd-70819,total_available,3,2,-1,1 spot(s) newly occupied (booked) since last run
2026-08-12T21:07:06Z,https://truckparkingclub.com/truck-parking/louisiana/port-allen/1467-court-st-70767,total_available,9,10,1,1 spot(s) freed (booking ended) since last run
2026-08-12T22:06:00Z,https://truckparkingclub.com/truck-parking/louisiana/baton-rouge/14015-florida-blvd-70819,total_available,2,1,-1,1 spot(s) newly occupied (booked) since last run
2026-08-12T22:06:00Z,https://truckparkingclub.com/truck-parking/louisiana/baton-rouge/10455-reiger-rd-70809,total_available,2,1,-1,1 spot(s) newly occupied (booked) since last run
2026-08-12T23:05:15Z,https://truckparkingclub.com/truck-parking/louisiana/baton-rouge/7802-howell-blvd-70807,total_available,5,4,-1,1 spot(s) newly occupied (booked) since last run
2026-08-13T03:02:43Z,https://truckparkingclub.com/truck-parking/louisiana/baton-rouge/14015-florida-blvd-70819,total_available,1,2,1,1 spot(s) freed (booking ended) since last run
2026-08-13T18:10:28Z,https://truckparkingclub.com/truck-parking/louisiana/baton-rouge/14015-florida-blvd-70819,total_available,2,1,-1,1 spot(s) newly occupied (booked) since last run
2026-08-13T22:06:12Z,https://truckparkingclub.com/truck-parking/louisiana/baton-rouge/14015-florida-blvd-70819,total_available,1,2,1,1 spot(s) freed (booking ended) since last run
2026-08-14T05:09:21Z,https://truckparkingclub.com/truck-parking/louisiana/baton-rouge/10455-reiger-rd-70809,total_available,1,2,1,1 spot(s) freed (booking ended) since last run
2026-08-14T16:08:41Z,https://truckparkingclub.com/truck-parking/louisiana/baton-rouge/14015-florida-blvd-70819,total_available,2,3,1,1 spot(s) freed (booking ended) since last run
2026-08-14T17:14:42Z,https://truckparkingclub.com/truck-parking/louisiana/baton-rouge/14015-florida-blvd-70819,total_available,3,2,-1,1 spot(s) newly occupied (booked) since last run
2026-08-14T18:09:24Z,https://truckparkingclub.com/truck-parking/louisiana/baton-rouge/14015-florida-blvd-70819,total_available,2,1,-1,1 spot(s) newly occupied (booked) since last run
2026-08-14T19:58:51Z,https://truckparkingclub.com/truck-parking/louisiana/baton-rouge/14015-florida-blvd-70819,total_available,1,0,-1,1 spot(s) newly occupied (booked) since last run
2026-08-15T18:50:31Z,https://truckparkingclub.com/truck-parking/louisiana/baton-rouge/14015-florida-blvd-70819,total_available,0,1,1,1 spot(s) freed (booking ended) since last run
2026-08-16T05:47:26Z,https://truckparkingclub.com/truck-parking/louisiana/baton-rouge/14015-florida-blvd-70819,total_available,1,0,-1,1 spot(s) newly occupied (booked) since last run
2026-08-16T05:47:26Z,https://truckparkingclub.com/truck-parking/louisiana/baton-rouge/7802-howell-blvd-70807,total_available,4,3,-1,1 spot(s) newly occupied (booked) since last run
2026-08-16T07:04:00Z,https://truckparkingclub.com/truck-parking/louisiana/baton-rouge/7802-howell-blvd-70807,total_available,3,4,1,1 spot(s) freed (booking ended) since last run
2026-08-16T14:42:45Z,https://truckparkingclub.com/truck-parking/louisiana/baton-rouge/7802-howell-blvd-70807,total_available,4,3,-1,1 spot(s) newly occupied (booked) since last run
2026-08-16T18:49:45Z,https://truckparkingclub.com/truck-parking/louisiana/baton-rouge/7802-howell-blvd-70807,total_available,3,4,1,1 spot(s) freed (booking ended) since last run
2026-08-16T19:38:05Z,https://truckparkingclub.com/truck-parking/louisiana/baton-rouge/10455-reiger-rd-70809,total_available,2,1,-1,1 spot(s) newly occupied (booked) since last run
2026-08-17T03:15:31Z,https://truckparkingclub.com/truck-parking/louisiana/baton-rouge/7802-howell-blvd-70807,total_available,4,2,-2,2 spot(s) newly occupied (booked) since last run
2026-08-17T09:03:33Z,https://truckparkingclub.com/truck-parking/louisiana/baton-rouge/17912-sotile-dr-70809,total_available,3,2,-1,1 spot(s) newly occupied (booked) since last run
2026-08-17T17:48:44Z,https://truckparkingclub.com/truck-parking/louisiana/baton-rouge/14015-florida-blvd-70819,total_available,0,1,1,1 spot(s) freed (booking ended) since last run
2026-08-17T19:01:51Z,https://truckparkingclub.com/truck-parking/louisiana/baton-rouge/14015-florida-blvd-70819,total_available,1,2,1,1 spot(s) freed (booking ended) since last run
2026-08-17T19:45:57Z,https://truckparkingclub.com/truck-parking/louisiana/baton-rouge/10455-reiger-rd-70809,total_available,1,2,1,1 spot(s) freed (booking ended) since last run
2026-08-18T03:11:32Z,https://truckparkingclub.com/truck-parking/louisiana/baton-rouge/7802-howell-blvd-70807,total_available,2,3,1,1 spot(s) freed (booking ended) since last run
2026-08-18T05:49:11Z,https://truckparkingclub.com/truck-parking/louisiana/baton-rouge/17912-sotile-dr-70809,total_available,2,3,1,1 spot(s) freed (booking ended) since last run
2026-08-18T07:09:11Z,https://truckparkingclub.com/truck-parking/louisiana/baton-rouge/17912-sotile-dr-70809,total_available,3,2,-1,1 spot(s) newly occupied (booked) since last run
2026-08-18T08:56:47Z,https://truckparkingclub.com/truck-parking/louisiana/baton-rouge/17912-sotile-dr-70809,total_available,2,3,1,1 spot(s) freed (booking ended) since last run
2026-08-18T17:47:35Z,https://truckparkingclub.com/truck-parking/louisiana/baton-rouge/14015-florida-blvd-70819,total_available,2,4,2,2 spot(s) freed (booking ended) since last run
2026-08-18T19:01:11Z,https://truckparkingclub.com/truck-parking/louisiana/baton-rouge/14015-florida-blvd-70819,total_available,4,3,-1,1 spot(s) newly occupied (booked) since last run
2026-08-18T21:41:59Z,https://truckparkingclub.com/truck-parking/louisiana/baton-rouge/7802-howell-blvd-70807,total_available,3,4,1,1 spot(s) freed (booking ended) since last run
2026-08-19T03:13:23Z,https://truckparkingclub.com/truck-parking/louisiana/baton-rouge/14015-florida-blvd-70819,total_available,3,4,1,1 spot(s) freed (booking ended) since last run
2026-08-19T04:54:58Z,https://truckparkingclub.com/truck-parking/louisiana/port-allen/1467-court-st-70767,total_available,10,9,-1,1 spot(s) newly occupied (booked) since last run
2026-08-19T20:48:25Z,https://truckparkingclub.com/truck-parking/louisiana/baton-rouge/14015-florida-blvd-70819,total_available,4,3,-1,1 spot(s) newly occupied (booked) since last run
2026-08-19T23:41:03Z,https://truckparkingclub.com/truck-parking/louisiana/baton-rouge/7802-howell-blvd-70807,total_available,4,5,1,1 spot(s) freed (booking ended) since last run
2026-08-20T05:50:11Z,https://truckparkingclub.com/truck-parking/louisiana/port-allen/1467-court-st-70767,total_available,9,10,1,1 spot(s) freed (booking ended) since last run
2026-08-20T07:10:22Z,https://truckparkingclub.com/truck-parking/louisiana/port-allen/1467-court-st-70767,total_available,10,9,-1,1 spot(s) newly occupied (booked) since last run
2026-08-20T09:52:56Z,https://truckparkingclub.com/truck-parking/louisiana/port-allen/1467-court-st-70767,total_available,9,10,1,1 spot(s) freed (booking ended) since last run
2026-08-20T13:15:32Z,https://truckparkingclub.com/truck-parking/louisiana/baton-rouge/14015-florida-blvd-70819,total_available,3,2,-1,1 spot(s) newly occupied (booked) since last run
2026-08-20T19:04:58Z,https://truckparkingclub.com/truck-parking/louisiana/baton-rouge/14015-florida-blvd-70819,total_available,2,3,1,1 spot(s) freed (booking ended) since last run
2026-08-20T21:47:33Z,https://truckparkingclub.com/truck-parking/louisiana/baton-rouge/10455-reiger-rd-70809,total_available,2,1,-1,1 spot(s) newly occupied (booked) since last run
2026-08-20T23:43:54Z,https://truckparkingclub.com/truck-parking/louisiana/baton-rouge/2392-e-smiley-ave-70806,total_available,8,7,-1,1 spot(s) newly occupied (booked) since last run
2026-08-20T23:43:54Z,https://truckparkingclub.com/truck-parking/louisiana/denham-springs/23286-springhill-dr-70726,total_available,2,1,-1,1 spot(s) newly occupied (booked) since last run
2026-08-21T03:25:23Z,https://truckparkingclub.com/truck-parking/louisiana/baton-rouge/14015-florida-blvd-70819,total_available,3,4,1,1 spot(s) freed (booking ended) since last run
2026-08-21T05:51:01Z,https://truckparkingclub.com/truck-parking/louisiana/baton-rouge/14015-florida-blvd-70819,total_available,4,5,1,1 spot(s) freed (booking ended) since last run
2026-08-21T07:11:42Z,https://truckparkingclub.com/truck-parking/louisiana/baton-rouge/14015-florida-blvd-70819,total_available,5,4,-1,1 spot(s) newly occupied (booked) since last run
2026-08-21T13:15:10Z,https://truckparkingclub.com/truck-parking/louisiana/baton-rouge/14015-florida-blvd-70819,total_available,4,5,1,1 spot(s) freed (booking ended) since last run
2026-08-21T14:56:44Z,https://truckparkingclub.com/truck-parking/louisiana/baton-rouge/14015-florida-blvd-70819,total_available,5,4,-1,1 spot(s) newly occupied (booked) since last run
2026-08-21T19:41:52Z,https://truckparkingclub.com/truck-parking/louisiana/port-allen/1467-court-st-70767,total_available,10,9,-1,1 spot(s) newly occupied (booked) since last run
2026-08-21T21:42:48Z,https://truckparkingclub.com/truck-parking/louisiana/baton-rouge/10455-reiger-rd-70809,total_available,1,2,1,1 spot(s) freed (booking ended) since last run
2026-08-21T22:44:59Z,https://truckparkingclub.com/truck-parking/louisiana/baton-rouge/14015-florida-blvd-70819,total_available,4,3,-1,1 spot(s) newly occupied (booked) since last run
2026-08-22T01:53:36Z,https://truckparkingclub.com/truck-parking/louisiana/denham-springs/23286-springhill-dr-70726,total_available,1,2,1,1 spot(s) freed (booking ended) since last run
2026-08-22T03:10:34Z,https://truckparkingclub.com/truck-parking/louisiana/denham-springs/23286-springhill-dr-70726,total_available,2,1,-1,1 spot(s) newly occupied (booked) since last run
2026-08-22T14:41:52Z,https://truckparkingclub.com/truck-parking/louisiana/baton-rouge/14015-florida-blvd-70819,total_available,3,2,-1,1 spot(s) newly occupied (booked) since last run
2026-08-22T17:40:14Z,https://truckparkingclub.com/truck-parking/louisiana/port-allen/1956-court-st-70767,total_available,50,49,-1,1 spot(s) newly occupied (booked) since last run
2026-08-22T18:52:01Z,https://truckparkingclub.com/truck-parking/louisiana/baton-rouge/10455-reiger-rd-70809,total_available,2,1,-1,1 spot(s) newly occupied (booked) since last run
2026-08-23T02:02:10Z,https://truckparkingclub.com/truck-parking/louisiana/baton-rouge/14015-florida-blvd-70819,total_available,2,1,-1,1 spot(s) newly occupied (booked) since last run
2026-08-23T05:49:10Z,https://truckparkingclub.com/truck-parking/louisiana/baton-rouge/10455-reiger-rd-70809,total_available,1,0,-1,1 spot(s) newly occupied (booked) since last run
2026-08-23T21:39:28Z,https://truckparkingclub.com/truck-parking/louisiana/baton-rouge/2392-e-smiley-ave-70806,total_available,7,6,-1,1 spot(s) newly occupied (booked) since last run
2026-08-23T21:39:28Z,https://truckparkingclub.com/truck-parking/louisiana/port-allen/1467-court-st-70767,total_available,9,10,1,1 spot(s) freed (booking ended) since last run
2026-08-23T22:42:19Z,https://truckparkingclub.com/truck-parking/louisiana/baton-rouge/14015-florida-blvd-70819,total_available,1,2,1,1 spot(s) freed (booking ended) since last run
2026-08-23T23:39:36Z,https://truckparkingclub.com/truck-parking/louisiana/port-allen/1467-court-st-70767,total_available,10,9,-1,1 spot(s) newly occupied (booked) since last run
2026-08-23T23:39:36Z,https://truckparkingclub.com/truck-parking/louisiana/port-allen/1467-court-st-70767,booking_amount_label,,10+,,listing's total-bookings badge changed
